address	bytes	instruction	resolved_target
0x330B070	FD7BBAA9	stp x29, x30, [sp, #-0x60]!	-
0x330B074	FC6F01A9	stp x28, x27, [sp, #0x10]	-
0x330B078	FA6702A9	stp x26, x25, [sp, #0x20]	-
0x330B07C	F85F03A9	stp x24, x23, [sp, #0x30]	-
0x330B080	F65704A9	stp x22, x21, [sp, #0x40]	-
0x330B084	F44F05A9	stp x20, x19, [sp, #0x50]	-
0x330B088	FFC30AD1	sub sp, sp, #0x2b0	-
0x330B08C	38FA01F0	adrp x24, #0x7252000	-
0x330B090	B7CB01F0	adrp x23, #0x6c82000	-
0x330B094	B3CB01F0	adrp x19, #0x6c82000	-
0x330B098	08934139	ldrb w8, [x24, #0x64]	-
0x330B09C	F73246F9	ldr x23, [x23, #0xc60]	-
0x330B0A0	733646F9	ldr x19, [x19, #0xc68]	-
0x330B0A4	F503032A	mov w21, w3	-
0x330B0A8	F603022A	mov w22, w2	-
0x330B0AC	F40301AA	mov x20, x1	-
0x330B0B0	A8050037	tbnz w8, #0, #0x330b164	-
0x330B0B4	A0CB01F0	adrp x0, #0x6c82000	-
0x330B0B8	003846F9	ldr x0, [x0, #0xc70]	-
0x330B0BC	6712EC97	bl #0x2e0fa58	-
0x330B0C0	A0CB01F0	adrp x0, #0x6c82000	-
0x330B0C4	003446F9	ldr x0, [x0, #0xc68]	-
0x330B0C8	6412EC97	bl #0x2e0fa58	-
0x330B0CC	A0CB01F0	adrp x0, #0x6c82000	-
0x330B0D0	003046F9	ldr x0, [x0, #0xc60]	-
0x330B0D4	6112EC97	bl #0x2e0fa58	-
0x330B0D8	C0CB0190	adrp x0, #0x6c83000	-
0x330B0DC	003043F9	ldr x0, [x0, #0x660]	-
0x330B0E0	5E12EC97	bl #0x2e0fa58	-
0x330B0E4	A0CB01F0	adrp x0, #0x6c82000	-
0x330B0E8	00DC41F9	ldr x0, [x0, #0x3b8]	-
0x330B0EC	5B12EC97	bl #0x2e0fa58	-
0x330B0F0	E0CB01F0	adrp x0, #0x6c8a000	-
0x330B0F4	003445F9	ldr x0, [x0, #0xa68]	-
0x330B0F8	5812EC97	bl #0x2e0fa58	-
0x330B0FC	80CC01F0	adrp x0, #0x6c9e000	-
0x330B100	00E445F9	ldr x0, [x0, #0xbc8]	-
0x330B104	5512EC97	bl #0x2e0fa58	-
0x330B108	80CC01F0	adrp x0, #0x6c9e000	-
0x330B10C	00E845F9	ldr x0, [x0, #0xbd0]	-
0x330B110	5212EC97	bl #0x2e0fa58	-
0x330B114	80CC01F0	adrp x0, #0x6c9e000	-
0x330B118	00EC45F9	ldr x0, [x0, #0xbd8]	-
0x330B11C	4F12EC97	bl #0x2e0fa58	-
0x330B120	80CC01F0	adrp x0, #0x6c9e000	-
0x330B124	00A845F9	ldr x0, [x0, #0xb50]	-
0x330B128	4C12EC97	bl #0x2e0fa58	-
0x330B12C	80CC01F0	adrp x0, #0x6c9e000	-
0x330B130	00F045F9	ldr x0, [x0, #0xbe0]	-
0x330B134	4912EC97	bl #0x2e0fa58	-
0x330B138	80CC01F0	adrp x0, #0x6c9e000	-
0x330B13C	00F445F9	ldr x0, [x0, #0xbe8]	-
0x330B140	4612EC97	bl #0x2e0fa58	-
0x330B144	80CC01F0	adrp x0, #0x6c9e000	-
0x330B148	00F845F9	ldr x0, [x0, #0xbf0]	-
0x330B14C	4312EC97	bl #0x2e0fa58	-
0x330B150	A0CB01F0	adrp x0, #0x6c82000	-
0x330B154	00B445F9	ldr x0, [x0, #0xb68]	-
0x330B158	4012EC97	bl #0x2e0fa58	-
0x330B15C	28008052	mov w8, #1	-
0x330B160	08930139	strb w8, [x24, #0x64]	-
0x330B164	E00240F9	ldr x0, [x23]	-
0x330B168	D8CB0190	adrp x24, #0x6c83000	-
0x330B16C	9BCC01F0	adrp x27, #0x6c9e000	-
0x330B170	F7CB01F0	adrp x23, #0x6c8a000	-
0x330B174	183343F9	ldr x24, [x24, #0x660]	-
0x330B178	7BAB45F9	ldr x27, [x27, #0xb50]	-
0x330B17C	F73645F9	ldr x23, [x23, #0xa68]	-
0x330B180	D812EC97	bl #0x2e0fce0	-
0x330B184	610240F9	ldr x1, [x19]	-
0x330B188	F30300AA	mov x19, x0	-
0x330B18C	26A17894	bl #0x5133624	-
0x330B190	56930136	tbz w22, #0, #0x330e3f8	-
0x330B194	000340F9	ldr x0, [x24]	-
0x330B198	E1B30A91	add x1, sp, #0x2ac	-
0x330B19C	FFAF02B9	str wzr, [sp, #0x2ac]	-
0x330B1A0	8D12EC97	bl #0x2e0fbd4	-
0x330B1A4	680340F9	ldr x8, [x27]	-
0x330B1A8	E10300AA	mov x1, x0	-
0x330B1AC	E2031FAA	mov x2, xzr	-
0x330B1B0	E00308AA	mov x0, x8	-
0x330B1B4	7ECF9794	bl #0x58fefac	-
0x330B1B8	F50300AA	mov x21, x0	-
0x330B1BC	000340F9	ldr x0, [x24]	-
0x330B1C0	E1A30A91	add x1, sp, #0x2a8	-
0x330B1C4	FFAB02B9	str wzr, [sp, #0x2a8]	-
0x330B1C8	8312EC97	bl #0x2e0fbd4	-
0x330B1CC	E80240F9	ldr x8, [x23]	-
0x330B1D0	E20300AA	mov x2, x0	-
0x330B1D4	E10314AA	mov x1, x20	-
0x330B1D8	E3031FAA	mov x3, xzr	-
0x330B1DC	E00308AA	mov x0, x8	-
0x330B1E0	13F59794	bl #0x590862c	-
0x330B1E4	739D01B4	cbz x19, #0x330e590	-
0x330B1E8	B9CB01F0	adrp x25, #0x6c82000	-
0x330B1EC	393B46F9	ldr x25, [x25, #0xc70]	-
0x330B1F0	E20300AA	mov x2, x0	-
0x330B1F4	E00313AA	mov x0, x19	-
0x330B1F8	E10315AA	mov x1, x21	-
0x330B1FC	230340F9	ldr x3, [x25]	-
0x330B200	75A37894	bl #0x5133fd4	System.Collections.Generic.Dictionary<object, object>$$Add
0x330B204	000340F9	ldr x0, [x24]	-
0x330B208	28008052	mov w8, #1	-
0x330B20C	E1930A91	add x1, sp, #0x2a4	-
0x330B210	E8A702B9	str w8, [sp, #0x2a4]	-
0x330B214	36008052	mov w22, #1	-
0x330B218	6F12EC97	bl #0x2e0fbd4	-
0x330B21C	680340F9	ldr x8, [x27]	-
0x330B220	E10300AA	mov x1, x0	-
0x330B224	E2031FAA	mov x2, xzr	-
0x330B228	E00308AA	mov x0, x8	-
0x330B22C	60CF9794	bl #0x58fefac	-
0x330B230	F50300AA	mov x21, x0	-
0x330B234	000340F9	ldr x0, [x24]	-
0x330B238	E1830A91	add x1, sp, #0x2a0	-
0x330B23C	F6A302B9	str w22, [sp, #0x2a0]	-
0x330B240	6512EC97	bl #0x2e0fbd4	-
0x330B244	E80240F9	ldr x8, [x23]	-
0x330B248	E20300AA	mov x2, x0	-
0x330B24C	E10314AA	mov x1, x20	-
0x330B250	E3031FAA	mov x3, xzr	-
0x330B254	E00308AA	mov x0, x8	-
0x330B258	F5F49794	bl #0x590862c	-
0x330B25C	230340F9	ldr x3, [x25]	-
0x330B260	E20300AA	mov x2, x0	-
0x330B264	E00313AA	mov x0, x19	-
0x330B268	E10315AA	mov x1, x21	-
0x330B26C	5AA37894	bl #0x5133fd4	System.Collections.Generic.Dictionary<object, object>$$Add
0x330B270	000340F9	ldr x0, [x24]	-
0x330B274	48008052	mov w8, #2	-
0x330B278	E1730A91	add x1, sp, #0x29c	-
0x330B27C	E89F02B9	str w8, [sp, #0x29c]	-
0x330B280	56008052	mov w22, #2	-
0x330B284	5412EC97	bl #0x2e0fbd4	-
0x330B288	680340F9	ldr x8, [x27]	-
0x330B28C	E10300AA	mov x1, x0	-
0x330B290	E2031FAA	mov x2, xzr	-
0x330B294	E00308AA	mov x0, x8	-
0x330B298	45CF9794	bl #0x58fefac	-
0x330B29C	F50300AA	mov x21, x0	-
0x330B2A0	000340F9	ldr x0, [x24]	-
0x330B2A4	E1630A91	add x1, sp, #0x298	-
0x330B2A8	F69B02B9	str w22, [sp, #0x298]	-
0x330B2AC	4A12EC97	bl #0x2e0fbd4	-
0x330B2B0	E80240F9	ldr x8, [x23]	-
0x330B2B4	E20300AA	mov x2, x0	-
0x330B2B8	E10314AA	mov x1, x20	-
0x330B2BC	E3031FAA	mov x3, xzr	-
0x330B2C0	E00308AA	mov x0, x8	-
0x330B2C4	DAF49794	bl #0x590862c	-
0x330B2C8	230340F9	ldr x3, [x25]	-
0x330B2CC	E20300AA	mov x2, x0	-
0x330B2D0	E00313AA	mov x0, x19	-
0x330B2D4	E10315AA	mov x1, x21	-
0x330B2D8	3FA37894	bl #0x5133fd4	System.Collections.Generic.Dictionary<object, object>$$Add
0x330B2DC	000340F9	ldr x0, [x24]	-
0x330B2E0	7A008052	mov w26, #3	-
0x330B2E4	E1530A91	add x1, sp, #0x294	-
0x330B2E8	FA9702B9	str w26, [sp, #0x294]	-
0x330B2EC	3A12EC97	bl #0x2e0fbd4	-
0x330B2F0	680340F9	ldr x8, [x27]	-
0x330B2F4	E10300AA	mov x1, x0	-
0x330B2F8	E2031FAA	mov x2, xzr	-
0x330B2FC	E00308AA	mov x0, x8	-
0x330B300	2BCF9794	bl #0x58fefac	-
0x330B304	F50300AA	mov x21, x0	-
0x330B308	000340F9	ldr x0, [x24]	-
0x330B30C	E1430A91	add x1, sp, #0x290	-
0x330B310	FA9302B9	str w26, [sp, #0x290]	-
0x330B314	3012EC97	bl #0x2e0fbd4	-
0x330B318	E80240F9	ldr x8, [x23]	-
0x330B31C	E20300AA	mov x2, x0	-
0x330B320	E10314AA	mov x1, x20	-
0x330B324	E3031FAA	mov x3, xzr	-
0x330B328	E00308AA	mov x0, x8	-
0x330B32C	C0F49794	bl #0x590862c	-
0x330B330	230340F9	ldr x3, [x25]	-
0x330B334	E20300AA	mov x2, x0	-
0x330B338	E00313AA	mov x0, x19	-
0x330B33C	E10315AA	mov x1, x21	-
0x330B340	25A37894	bl #0x5133fd4	System.Collections.Generic.Dictionary<object, object>$$Add
0x330B344	000340F9	ldr x0, [x24]	-
0x330B348	9C008052	mov w28, #4	-
0x330B34C	E1330A91	add x1, sp, #0x28c	-
0x330B350	FC8F02B9	str w28, [sp, #0x28c]	-
0x330B354	2012EC97	bl #0x2e0fbd4	-
0x330B358	680340F9	ldr x8, [x27]	-
0x330B35C	E10300AA	mov x1, x0	-
0x330B360	E2031FAA	mov x2, xzr	-
0x330B364	E00308AA	mov x0, x8	-
0x330B368	11CF9794	bl #0x58fefac	-
0x330B36C	F50300AA	mov x21, x0	-
0x330B370	000340F9	ldr x0, [x24]	-
0x330B374	E1230A91	add x1, sp, #0x288	-
0x330B378	FC8B02B9	str w28, [sp, #0x288]	-
0x330B37C	1612EC97	bl #0x2e0fbd4	-
0x330B380	E80240F9	ldr x8, [x23]	-
0x330B384	E20300AA	mov x2, x0	-
0x330B388	E10314AA	mov x1, x20	-
0x330B38C	E3031FAA	mov x3, xzr	-
0x330B390	E00308AA	mov x0, x8	-
0x330B394	A6F49794	bl #0x590862c	-
0x330B398	230340F9	ldr x3, [x25]	-
0x330B39C	E20300AA	mov x2, x0	-
0x330B3A0	E00313AA	mov x0, x19	-
0x330B3A4	E10315AA	mov x1, x21	-
0x330B3A8	0BA37894	bl #0x5133fd4	System.Collections.Generic.Dictionary<object, object>$$Add
0x330B3AC	000340F9	ldr x0, [x24]	-
0x330B3B0	A8008052	mov w8, #5	-
0x330B3B4	E1130A91	add x1, sp, #0x284	-
0x330B3B8	E88702B9	str w8, [sp, #0x284]	-
0x330B3BC	B6008052	mov w22, #5	-
0x330B3C0	0512EC97	bl #0x2e0fbd4	-
0x330B3C4	680340F9	ldr x8, [x27]	-
0x330B3C8	E10300AA	mov x1, x0	-
0x330B3CC	E2031FAA	mov x2, xzr	-
0x330B3D0	E00308AA	mov x0, x8	-
0x330B3D4	F6CE9794	bl #0x58fefac	-
0x330B3D8	F50300AA	mov x21, x0	-
0x330B3DC	000340F9	ldr x0, [x24]	-
0x330B3E0	E1030A91	add x1, sp, #0x280	-
0x330B3E4	F68302B9	str w22, [sp, #0x280]	-
0x330B3E8	FB11EC97	bl #0x2e0fbd4	-
0x330B3EC	E80240F9	ldr x8, [x23]	-
0x330B3F0	E20300AA	mov x2, x0	-
0x330B3F4	E10314AA	mov x1, x20	-
0x330B3F8	E3031FAA	mov x3, xzr	-
0x330B3FC	E00308AA	mov x0, x8	-
0x330B400	8BF49794	bl #0x590862c	-
0x330B404	230340F9	ldr x3, [x25]	-
0x330B408	E20300AA	mov x2, x0	-
0x330B40C	E00313AA	mov x0, x19	-
0x330B410	E10315AA	mov x1, x21	-
0x330B414	F0A27894	bl #0x5133fd4	System.Collections.Generic.Dictionary<object, object>$$Add
0x330B418	000340F9	ldr x0, [x24]	-
0x330B41C	C8008052	mov w8, #6	-
0x330B420	E1F30991	add x1, sp, #0x27c	-
0x330B424	E87F02B9	str w8, [sp, #0x27c]	-
0x330B428	D6008052	mov w22, #6	-
0x330B42C	EA11EC97	bl #0x2e0fbd4	-
0x330B430	680340F9	ldr x8, [x27]	-
0x330B434	E10300AA	mov x1, x0	-
0x330B438	E2031FAA	mov x2, xzr	-
0x330B43C	E00308AA	mov x0, x8	-
0x330B440	DBCE9794	bl #0x58fefac	-
0x330B444	F50300AA	mov x21, x0	-
0x330B448	000340F9	ldr x0, [x24]	-
0x330B44C	E1E30991	add x1, sp, #0x278	-
0x330B450	F67B02B9	str w22, [sp, #0x278]	-
0x330B454	E011EC97	bl #0x2e0fbd4	-
0x330B458	E80240F9	ldr x8, [x23]	-
0x330B45C	E20300AA	mov x2, x0	-
0x330B460	E10314AA	mov x1, x20	-
0x330B464	E3031FAA	mov x3, xzr	-
0x330B468	E00308AA	mov x0, x8	-
0x330B46C	70F49794	bl #0x590862c	-
0x330B470	230340F9	ldr x3, [x25]	-
0x330B474	E20300AA	mov x2, x0	-
0x330B478	E00313AA	mov x0, x19	-
0x330B47C	E10315AA	mov x1, x21	-
0x330B480	D5A27894	bl #0x5133fd4	System.Collections.Generic.Dictionary<object, object>$$Add
0x330B484	000340F9	ldr x0, [x24]	-
0x330B488	E1D30991	add x1, sp, #0x274	-
0x330B48C	FF7702B9	str wzr, [sp, #0x274]	-
0x330B490	D111EC97	bl #0x2e0fbd4	-
0x330B494	F50300AA	mov x21, x0	-
0x330B498	000340F9	ldr x0, [x24]	-
0x330B49C	3B008052	mov w27, #1	-
0x330B4A0	E1C30991	add x1, sp, #0x270	-
0x330B4A4	FB7302B9	str w27, [sp, #0x270]	-
0x330B4A8	CB11EC97	bl #0x2e0fbd4	-
0x330B4AC	E80240F9	ldr x8, [x23]	-
0x330B4B0	E20300AA	mov x2, x0	-
0x330B4B4	E10315AA	mov x1, x21	-
0x330B4B8	E3031FAA	mov x3, xzr	-
0x330B4BC	E00308AA	mov x0, x8	-
0x330B4C0	5BF49794	bl #0x590862c	-
0x330B4C4	F50300AA	mov x21, x0	-
0x330B4C8	000340F9	ldr x0, [x24]	-
0x330B4CC	E1B30991	add x1, sp, #0x26c	-
0x330B4D0	FF6F02B9	str wzr, [sp, #0x26c]	-
0x330B4D4	C011EC97	bl #0x2e0fbd4	-
0x330B4D8	F60300AA	mov x22, x0	-
0x330B4DC	000340F9	ldr x0, [x24]	-
0x330B4E0	E1A30991	add x1, sp, #0x268	-
0x330B4E4	FB6B02B9	str w27, [sp, #0x268]	-
0x330B4E8	BB11EC97	bl #0x2e0fbd4	-
0x330B4EC	9BCC01F0	adrp x27, #0x6c9e000	-
0x330B4F0	7BEB45F9	ldr x27, [x27, #0xbd0]	-
0x330B4F4	E30300AA	mov x3, x0	-
0x330B4F8	E10314AA	mov x1, x20	-
0x330B4FC	E20316AA	mov x2, x22	-
0x330B500	680340F9	ldr x8, [x27]	-
0x330B504	E4031FAA	mov x4, xzr	-
0x330B508	E00308AA	mov x0, x8	-
0x330B50C	59F49794	bl #0x5908670	-
0x330B510	230340F9	ldr x3, [x25]	-
0x330B514	E20300AA	mov x2, x0	-
0x330B518	E00313AA	mov x0, x19	-
0x330B51C	E10315AA	mov x1, x21	-
0x330B520	ADA27894	bl #0x5133fd4	System.Collections.Generic.Dictionary<object, object>$$Add
0x330B524	000340F9	ldr x0, [x24]	-
0x330B528	36008052	mov w22, #1	-
0x330B52C	E1930991	add x1, sp, #0x264	-
0x330B530	F66702B9	str w22, [sp, #0x264]	-
0x330B534	A811EC97	bl #0x2e0fbd4	-
0x330B538	F50300AA	mov x21, x0	-
0x330B53C	000340F9	ldr x0, [x24]	-
0x330B540	5D008052	mov w29, #2	-
0x330B544	E1830991	add x1, sp, #0x260	-
0x330B548	FD6302B9	str w29, [sp, #0x260]	-
0x330B54C	A211EC97	bl #0x2e0fbd4	-
0x330B550	E80240F9	ldr x8, [x23]	-
0x330B554	E20300AA	mov x2, x0	-
0x330B558	E10315AA	mov x1, x21	-
0x330B55C	E3031FAA	mov x3, xzr	-
0x330B560	E00308AA	mov x0, x8	-
0x330B564	32F49794	bl #0x590862c	-
0x330B568	F50300AA	mov x21, x0	-
0x330B56C	000340F9	ldr x0, [x24]	-
0x330B570	E1730991	add x1, sp, #0x25c	-
0x330B574	F65F02B9	str w22, [sp, #0x25c]	-
0x330B578	9711EC97	bl #0x2e0fbd4	-
0x330B57C	F60300AA	mov x22, x0	-
0x330B580	000340F9	ldr x0, [x24]	-
0x330B584	E1630991	add x1, sp, #0x258	-
0x330B588	FD5B02B9	str w29, [sp, #0x258]	-
0x330B58C	5D008052	mov w29, #2	-
0x330B590	9111EC97	bl #0x2e0fbd4	-
0x330B594	680340F9	ldr x8, [x27]	-
0x330B598	E30300AA	mov x3, x0	-
0x330B59C	E10314AA	mov x1, x20	-
0x330B5A0	E20316AA	mov x2, x22	-
0x330B5A4	E00308AA	mov x0, x8	-
0x330B5A8	E4031FAA	mov x4, xzr	-
0x330B5AC	31F49794	bl #0x5908670	-
0x330B5B0	230340F9	ldr x3, [x25]	-
0x330B5B4	E20300AA	mov x2, x0	-
0x330B5B8	E00313AA	mov x0, x19	-
0x330B5BC	E10315AA	mov x1, x21	-
0x330B5C0	85A27894	bl #0x5133fd4	System.Collections.Generic.Dictionary<object, object>$$Add
0x330B5C4	000340F9	ldr x0, [x24]	-
0x330B5C8	E1530991	add x1, sp, #0x254	-
0x330B5CC	FD5702B9	str w29, [sp, #0x254]	-
0x330B5D0	8111EC97	bl #0x2e0fbd4	-
0x330B5D4	F50300AA	mov x21, x0	-
0x330B5D8	000340F9	ldr x0, [x24]	-
0x330B5DC	E1430991	add x1, sp, #0x250	-
0x330B5E0	FA5302B9	str w26, [sp, #0x250]	-
0x330B5E4	7C11EC97	bl #0x2e0fbd4	-
0x330B5E8	E80240F9	ldr x8, [x23]	-
0x330B5EC	E20300AA	mov x2, x0	-
0x330B5F0	E10315AA	mov x1, x21	-
0x330B5F4	E3031FAA	mov x3, xzr	-
0x330B5F8	E00308AA	mov x0, x8	-
0x330B5FC	0CF49794	bl #0x590862c	-
0x330B600	F50300AA	mov x21, x0	-
0x330B604	000340F9	ldr x0, [x24]	-
0x330B608	E1330991	add x1, sp, #0x24c	-
0x330B60C	FD4F02B9	str w29, [sp, #0x24c]	-
0x330B610	7111EC97	bl #0x2e0fbd4	-
0x330B614	F60300AA	mov x22, x0	-
0x330B618	000340F9	ldr x0, [x24]	-
0x330B61C	E1230991	add x1, sp, #0x248	-
0x330B620	FA4B02B9	str w26, [sp, #0x248]	-
0x330B624	6C11EC97	bl #0x2e0fbd4	-
0x330B628	680340F9	ldr x8, [x27]	-
0x330B62C	E30300AA	mov x3, x0	-
0x330B630	E10314AA	mov x1, x20	-
0x330B634	E20316AA	mov x2, x22	-
0x330B638	E00308AA	mov x0, x8	-
0x330B63C	E4031FAA	mov x4, xzr	-
0x330B640	0CF49794	bl #0x5908670	-
0x330B644	230340F9	ldr x3, [x25]	-
0x330B648	E20300AA	mov x2, x0	-
0x330B64C	E00313AA	mov x0, x19	-
0x330B650	E10315AA	mov x1, x21	-
0x330B654	60A27894	bl #0x5133fd4	System.Collections.Generic.Dictionary<object, object>$$Add
0x330B658	000340F9	ldr x0, [x24]	-
0x330B65C	E1130991	add x1, sp, #0x244	-
0x330B660	FA4702B9	str w26, [sp, #0x244]	-
0x330B664	5C11EC97	bl #0x2e0fbd4	-
0x330B668	F50300AA	mov x21, x0	-
0x330B66C	000340F9	ldr x0, [x24]	-
0x330B670	E1030991	add x1, sp, #0x240	-
0x330B674	FC4302B9	str w28, [sp, #0x240]	-
0x330B678	5711EC97	bl #0x2e0fbd4	-
0x330B67C	E80240F9	ldr x8, [x23]	-
0x330B680	E20300AA	mov x2, x0	-
0x330B684	E10315AA	mov x1, x21	-
0x330B688	E3031FAA	mov x3, xzr	-
0x330B68C	E00308AA	mov x0, x8	-
0x330B690	E7F39794	bl #0x590862c	-
0x330B694	F50300AA	mov x21, x0	-
0x330B698	000340F9	ldr x0, [x24]	-
0x330B69C	E1F30891	add x1, sp, #0x23c	-
0x330B6A0	FA3F02B9	str w26, [sp, #0x23c]	-
0x330B6A4	4C11EC97	bl #0x2e0fbd4	-
0x330B6A8	F60300AA	mov x22, x0	-
0x330B6AC	000340F9	ldr x0, [x24]	-
0x330B6B0	E1E30891	add x1, sp, #0x238	-
0x330B6B4	FC3B02B9	str w28, [sp, #0x238]	-
0x330B6B8	4711EC97	bl #0x2e0fbd4	-
0x330B6BC	680340F9	ldr x8, [x27]	-
0x330B6C0	E30300AA	mov x3, x0	-
0x330B6C4	E10314AA	mov x1, x20	-
0x330B6C8	E20316AA	mov x2, x22	-
0x330B6CC	E00308AA	mov x0, x8	-
0x330B6D0	E4031FAA	mov x4, xzr	-
0x330B6D4	E7F39794	bl #0x5908670	-
0x330B6D8	230340F9	ldr x3, [x25]	-
0x330B6DC	E20300AA	mov x2, x0	-
0x330B6E0	E00313AA	mov x0, x19	-
0x330B6E4	E10315AA	mov x1, x21	-
0x330B6E8	3BA27894	bl #0x5133fd4	System.Collections.Generic.Dictionary<object, object>$$Add
0x330B6EC	000340F9	ldr x0, [x24]	-
0x330B6F0	E1D30891	add x1, sp, #0x234	-
0x330B6F4	FC3702B9	str w28, [sp, #0x234]	-
0x330B6F8	3711EC97	bl #0x2e0fbd4	-
0x330B6FC	F50300AA	mov x21, x0	-
0x330B700	000340F9	ldr x0, [x24]	-
0x330B704	BA008052	mov w26, #5	-
0x330B708	E1C30891	add x1, sp, #0x230	-
0x330B70C	FA3302B9	str w26, [sp, #0x230]	-
0x330B710	3111EC97	bl #0x2e0fbd4	-
0x330B714	E80240F9	ldr x8, [x23]	-
0x330B718	E20300AA	mov x2, x0	-
0x330B71C	E10315AA	mov x1, x21	-
0x330B720	E3031FAA	mov x3, xzr	-
0x330B724	E00308AA	mov x0, x8	-
0x330B728	C1F39794	bl #0x590862c	-
0x330B72C	F50300AA	mov x21, x0	-
0x330B730	000340F9	ldr x0, [x24]	-
0x330B734	E1B30891	add x1, sp, #0x22c	-
0x330B738	FC2F02B9	str w28, [sp, #0x22c]	-
0x330B73C	2611EC97	bl #0x2e0fbd4	-
0x330B740	F60300AA	mov x22, x0	-
0x330B744	000340F9	ldr x0, [x24]	-
0x330B748	E1A30891	add x1, sp, #0x228	-
0x330B74C	FA2B02B9	str w26, [sp, #0x228]	-
0x330B750	BA008052	mov w26, #5	-
0x330B754	2011EC97	bl #0x2e0fbd4	-
0x330B758	680340F9	ldr x8, [x27]	-
0x330B75C	E30300AA	mov x3, x0	-
0x330B760	E10314AA	mov x1, x20	-
0x330B764	E20316AA	mov x2, x22	-
0x330B768	E00308AA	mov x0, x8	-
0x330B76C	E4031FAA	mov x4, xzr	-
0x330B770	C0F39794	bl #0x5908670	-
0x330B774	230340F9	ldr x3, [x25]	-
0x330B778	E20300AA	mov x2, x0	-
0x330B77C	E00313AA	mov x0, x19	-
0x330B780	E10315AA	mov x1, x21	-
0x330B784	14A27894	bl #0x5133fd4	System.Collections.Generic.Dictionary<object, object>$$Add
0x330B788	000340F9	ldr x0, [x24]	-
0x330B78C	E1930891	add x1, sp, #0x224	-
0x330B790	FA2702B9	str w26, [sp, #0x224]	-
0x330B794	1011EC97	bl #0x2e0fbd4	-
0x330B798	F50300AA	mov x21, x0	-
0x330B79C	000340F9	ldr x0, [x24]	-
0x330B7A0	DC008052	mov w28, #6	-
0x330B7A4	E1830891	add x1, sp, #0x220	-
0x330B7A8	FC2302B9	str w28, [sp, #0x220]	-
0x330B7AC	0A11EC97	bl #0x2e0fbd4	-
0x330B7B0	E80240F9	ldr x8, [x23]	-
0x330B7B4	E20300AA	mov x2, x0	-
0x330B7B8	E10315AA	mov x1, x21	-
0x330B7BC	E3031FAA	mov x3, xzr	-
0x330B7C0	E00308AA	mov x0, x8	-
0x330B7C4	9AF39794	bl #0x590862c	-
0x330B7C8	F50300AA	mov x21, x0	-
0x330B7CC	000340F9	ldr x0, [x24]	-
0x330B7D0	E1730891	add x1, sp, #0x21c	-
0x330B7D4	FA1F02B9	str w26, [sp, #0x21c]	-
0x330B7D8	FF10EC97	bl #0x2e0fbd4	-
0x330B7DC	F60300AA	mov x22, x0	-
0x330B7E0	000340F9	ldr x0, [x24]	-
0x330B7E4	E1630891	add x1, sp, #0x218	-
0x330B7E8	FC1B02B9	str w28, [sp, #0x218]	-
0x330B7EC	FA10EC97	bl #0x2e0fbd4	-
0x330B7F0	680340F9	ldr x8, [x27]	-
0x330B7F4	E30300AA	mov x3, x0	-
0x330B7F8	E10314AA	mov x1, x20	-
0x330B7FC	E20316AA	mov x2, x22	-
0x330B800	E00308AA	mov x0, x8	-
0x330B804	E4031FAA	mov x4, xzr	-
0x330B808	9AF39794	bl #0x5908670	-
0x330B80C	230340F9	ldr x3, [x25]	-
0x330B810	E20300AA	mov x2, x0	-
0x330B814	E00313AA	mov x0, x19	-
0x330B818	E10315AA	mov x1, x21	-
0x330B81C	EEA17894	bl #0x5133fd4	System.Collections.Generic.Dictionary<object, object>$$Add
0x330B820	000340F9	ldr x0, [x24]	-
0x330B824	E1530891	add x1, sp, #0x214	-
0x330B828	FF1702B9	str wzr, [sp, #0x214]	-
0x330B82C	EA10EC97	bl #0x2e0fbd4	-
0x330B830	F50300AA	mov x21, x0	-
0x330B834	000340F9	ldr x0, [x24]	-
0x330B838	28008052	mov w8, #1	-
0x330B83C	E1430891	add x1, sp, #0x210	-
0x330B840	E81302B9	str w8, [sp, #0x210]	-
0x330B844	E410EC97	bl #0x2e0fbd4	-
0x330B848	F60300AA	mov x22, x0	-
0x330B84C	000340F9	ldr x0, [x24]	-
0x330B850	E1330891	add x1, sp, #0x20c	-
0x330B854	FD0F02B9	str w29, [sp, #0x20c]	-
0x330B858	DF10EC97	bl #0x2e0fbd4	-
0x330B85C	680340F9	ldr x8, [x27]	-
0x330B860	E30300AA	mov x3, x0	-
0x330B864	E10315AA	mov x1, x21	-
0x330B868	E20316AA	mov x2, x22	-
0x330B86C	E00308AA	mov x0, x8	-
0x330B870	E4031FAA	mov x4, xzr	-
0x330B874	7FF39794	bl #0x5908670	-
0x330B878	BACB01F0	adrp x26, #0x6c82000	-
0x330B87C	5ADF41F9	ldr x26, [x26, #0x3b8]	-
0x330B880	F50300AA	mov x21, x0	-
0x330B884	81008052	mov w1, #4	-
0x330B888	480340F9	ldr x8, [x26]	-
0x330B88C	E00308AA	mov x0, x8	-
0x330B890	AB10EC97	bl #0x2e0fb3c	-
0x330B894	E06701B4	cbz x0, #0x330e590	-
0x330B898	F60300AA	mov x22, x0	-
0x330B89C	D40000B4	cbz x20, #0x330b8b4	-
0x330B8A0	C80240F9	ldr x8, [x22]	-
0x330B8A4	E00314AA	mov x0, x20	-
0x330B8A8	012140F9	ldr x1, [x8, #0x40]	-
0x330B8AC	C910EC97	bl #0x2e0fbd0	-
0x330B8B0	A06601B4	cbz x0, #0x330e584	-
0x330B8B4	C81A40B9	ldr w8, [x22, #0x18]	-
0x330B8B8	48660134	cbz w8, #0x330e580	-
0x330B8BC	E00316AA	mov x0, x22	-
0x330B8C0	140C02F8	str x20, [x0, #0x20]!	-
0x330B8C4	E10314AA	mov x1, x20	-
0x330B8C8	4F10EC97	bl #0x2e0fa04	-
0x330B8CC	000340F9	ldr x0, [x24]	-
0x330B8D0	E1230891	add x1, sp, #0x208	-
0x330B8D4	FF0B02B9	str wzr, [sp, #0x208]	-
0x330B8D8	BF10EC97	bl #0x2e0fbd4	-
0x330B8DC	F70300AA	mov x23, x0	-
0x330B8E0	C00000B4	cbz x0, #0x330b8f8	-
0x330B8E4	C80240F9	ldr x8, [x22]	-
0x330B8E8	E00317AA	mov x0, x23	-
0x330B8EC	012140F9	ldr x1, [x8, #0x40]	-
0x330B8F0	B810EC97	bl #0x2e0fbd0	-
0x330B8F4	806401B4	cbz x0, #0x330e584	-
0x330B8F8	C81A40B9	ldr w8, [x22, #0x18]	-
0x330B8FC	1F050071	cmp w8, #1	-
0x330B900	09640154	b.ls #0x330e580	-
0x330B904	E00316AA	mov x0, x22	-
0x330B908	178C02F8	str x23, [x0, #0x28]!	-
0x330B90C	E10317AA	mov x1, x23	-
0x330B910	3D10EC97	bl #0x2e0fa04	-
0x330B914	000340F9	ldr x0, [x24]	-
0x330B918	28008052	mov w8, #1	-
0x330B91C	E1130891	add x1, sp, #0x204	-
0x330B920	E80702B9	str w8, [sp, #0x204]	-
0x330B924	AC10EC97	bl #0x2e0fbd4	-
0x330B928	F70300AA	mov x23, x0	-
0x330B92C	C00000B4	cbz x0, #0x330b944	-
0x330B930	C80240F9	ldr x8, [x22]	-
0x330B934	E00317AA	mov x0, x23	-
0x330B938	012140F9	ldr x1, [x8, #0x40]	-
0x330B93C	A510EC97	bl #0x2e0fbd0	-
0x330B940	206201B4	cbz x0, #0x330e584	-
0x330B944	C81A40B9	ldr w8, [x22, #0x18]	-
0x330B948	1F090071	cmp w8, #2	-
0x330B94C	A9610154	b.ls #0x330e580	-
0x330B950	E00316AA	mov x0, x22	-
0x330B954	170C03F8	str x23, [x0, #0x30]!	-
0x330B958	E10317AA	mov x1, x23	-
0x330B95C	2A10EC97	bl #0x2e0fa04	-
0x330B960	000340F9	ldr x0, [x24]	-
0x330B964	48008052	mov w8, #2	-
0x330B968	E1030891	add x1, sp, #0x200	-
0x330B96C	E80302B9	str w8, [sp, #0x200]	-
0x330B970	9910EC97	bl #0x2e0fbd4	-
0x330B974	F70300AA	mov x23, x0	-
0x330B978	C00000B4	cbz x0, #0x330b990	-
0x330B97C	C80240F9	ldr x8, [x22]	-
0x330B980	E00317AA	mov x0, x23	-
0x330B984	012140F9	ldr x1, [x8, #0x40]	-
0x330B988	9210EC97	bl #0x2e0fbd0	-
0x330B98C	C05F01B4	cbz x0, #0x330e584	-
0x330B990	C81A40B9	ldr w8, [x22, #0x18]	-
0x330B994	1F0D0071	cmp w8, #3	-
0x330B998	495F0154	b.ls #0x330e580	-
0x330B99C	E00316AA	mov x0, x22	-
0x330B9A0	178C03F8	str x23, [x0, #0x38]!	-
0x330B9A4	E10317AA	mov x1, x23	-
0x330B9A8	1710EC97	bl #0x2e0fa04	-
0x330B9AC	9CCC01F0	adrp x28, #0x6c9e000	-
0x330B9B0	9CFB45F9	ldr x28, [x28, #0xbf0]	-
0x330B9B4	E10316AA	mov x1, x22	-
0x330B9B8	E2031FAA	mov x2, xzr	-
0x330B9BC	800340F9	ldr x0, [x28]	-
0x330B9C0	3DF39794	bl #0x59086b4	-
0x330B9C4	230340F9	ldr x3, [x25]	-
0x330B9C8	E20300AA	mov x2, x0	-
0x330B9CC	E00313AA	mov x0, x19	-
0x330B9D0	E10315AA	mov x1, x21	-
0x330B9D4	80A17894	bl #0x5133fd4	System.Collections.Generic.Dictionary<object, object>$$Add
0x330B9D8	000340F9	ldr x0, [x24]	-
0x330B9DC	28008052	mov w8, #1	-
0x330B9E0	E1F30791	add x1, sp, #0x1fc	-
0x330B9E4	E8FF01B9	str w8, [sp, #0x1fc]	-
0x330B9E8	7B10EC97	bl #0x2e0fbd4	-
0x330B9EC	F50300AA	mov x21, x0	-
0x330B9F0	000340F9	ldr x0, [x24]	-
0x330B9F4	48008052	mov w8, #2	-
0x330B9F8	E1E30791	add x1, sp, #0x1f8	-
0x330B9FC	E8FB01B9	str w8, [sp, #0x1f8]	-
0x330BA00	7510EC97	bl #0x2e0fbd4	-
0x330BA04	F60300AA	mov x22, x0	-
0x330BA08	000340F9	ldr x0, [x24]	-
0x330BA0C	68008052	mov w8, #3	-
0x330BA10	E1D30791	add x1, sp, #0x1f4	-
0x330BA14	E8F701B9	str w8, [sp, #0x1f4]	-
0x330BA18	6F10EC97	bl #0x2e0fbd4	-
0x330BA1C	680340F9	ldr x8, [x27]	-
0x330BA20	E30300AA	mov x3, x0	-
0x330BA24	E10315AA	mov x1, x21	-
0x330BA28	E20316AA	mov x2, x22	-
0x330BA2C	E00308AA	mov x0, x8	-
0x330BA30	E4031FAA	mov x4, xzr	-
0x330BA34	0FF39794	bl #0x5908670	-
0x330BA38	480340F9	ldr x8, [x26]	-
0x330BA3C	F50300AA	mov x21, x0	-
0x330BA40	81008052	mov w1, #4	-
0x330BA44	E00308AA	mov x0, x8	-
0x330BA48	3D10EC97	bl #0x2e0fb3c	-
0x330BA4C	205A01B4	cbz x0, #0x330e590	-
0x330BA50	F60300AA	mov x22, x0	-
0x330BA54	D40000B4	cbz x20, #0x330ba6c	-
0x330BA58	C80240F9	ldr x8, [x22]	-
0x330BA5C	E00314AA	mov x0, x20	-
0x330BA60	012140F9	ldr x1, [x8, #0x40]	-
0x330BA64	5B10EC97	bl #0x2e0fbd0	-
0x330BA68	E05801B4	cbz x0, #0x330e584	-
0x330BA6C	C81A40B9	ldr w8, [x22, #0x18]	-
0x330BA70	88580134	cbz w8, #0x330e580	-
0x330BA74	E00316AA	mov x0, x22	-
0x330BA78	140C02F8	str x20, [x0, #0x20]!	-
0x330BA7C	E10314AA	mov x1, x20	-
0x330BA80	E10FEC97	bl #0x2e0fa04	-
0x330BA84	000340F9	ldr x0, [x24]	-
0x330BA88	28008052	mov w8, #1	-
0x330BA8C	E1C30791	add x1, sp, #0x1f0	-
0x330BA90	E8F301B9	str w8, [sp, #0x1f0]	-
0x330BA94	5010EC97	bl #0x2e0fbd4	-
0x330BA98	F70300AA	mov x23, x0	-
0x330BA9C	C00000B4	cbz x0, #0x330bab4	-
0x330BAA0	C80240F9	ldr x8, [x22]	-
0x330BAA4	E00317AA	mov x0, x23	-
0x330BAA8	012140F9	ldr x1, [x8, #0x40]	-
0x330BAAC	4910EC97	bl #0x2e0fbd0	-
0x330BAB0	A05601B4	cbz x0, #0x330e584	-
0x330BAB4	C81A40B9	ldr w8, [x22, #0x18]	-
0x330BAB8	1F050071	cmp w8, #1	-
0x330BABC	29560154	b.ls #0x330e580	-
0x330BAC0	E00316AA	mov x0, x22	-
0x330BAC4	178C02F8	str x23, [x0, #0x28]!	-
0x330BAC8	E10317AA	mov x1, x23	-
0x330BACC	CE0FEC97	bl #0x2e0fa04	-
0x330BAD0	000340F9	ldr x0, [x24]	-
0x330BAD4	48008052	mov w8, #2	-
0x330BAD8	E1B30791	add x1, sp, #0x1ec	-
0x330BADC	E8EF01B9	str w8, [sp, #0x1ec]	-
0x330BAE0	3D10EC97	bl #0x2e0fbd4	-
0x330BAE4	F70300AA	mov x23, x0	-
0x330BAE8	C00000B4	cbz x0, #0x330bb00	-
0x330BAEC	C80240F9	ldr x8, [x22]	-
0x330BAF0	E00317AA	mov x0, x23	-
0x330BAF4	012140F9	ldr x1, [x8, #0x40]	-
0x330BAF8	3610EC97	bl #0x2e0fbd0	-
0x330BAFC	405401B4	cbz x0, #0x330e584	-
0x330BB00	C81A40B9	ldr w8, [x22, #0x18]	-
0x330BB04	1F090071	cmp w8, #2	-
0x330BB08	C9530154	b.ls #0x330e580	-
0x330BB0C	E00316AA	mov x0, x22	-
0x330BB10	170C03F8	str x23, [x0, #0x30]!	-
0x330BB14	E10317AA	mov x1, x23	-
0x330BB18	BB0FEC97	bl #0x2e0fa04	-
0x330BB1C	000340F9	ldr x0, [x24]	-
0x330BB20	68008052	mov w8, #3	-
0x330BB24	E1A30791	add x1, sp, #0x1e8	-
0x330BB28	E8EB01B9	str w8, [sp, #0x1e8]	-
0x330BB2C	2A10EC97	bl #0x2e0fbd4	-
0x330BB30	F70300AA	mov x23, x0	-
0x330BB34	C00000B4	cbz x0, #0x330bb4c	-
0x330BB38	C80240F9	ldr x8, [x22]	-
0x330BB3C	E00317AA	mov x0, x23	-
0x330BB40	012140F9	ldr x1, [x8, #0x40]	-
0x330BB44	2310EC97	bl #0x2e0fbd0	-
0x330BB48	E05101B4	cbz x0, #0x330e584	-
0x330BB4C	C81A40B9	ldr w8, [x22, #0x18]	-
0x330BB50	1F0D0071	cmp w8, #3	-
0x330BB54	69510154	b.ls #0x330e580	-
0x330BB58	E00316AA	mov x0, x22	-
0x330BB5C	178C03F8	str x23, [x0, #0x38]!	-
0x330BB60	E10317AA	mov x1, x23	-
0x330BB64	A80FEC97	bl #0x2e0fa04	-
0x330BB68	800340F9	ldr x0, [x28]	-
0x330BB6C	E10316AA	mov x1, x22	-
0x330BB70	E2031FAA	mov x2, xzr	-
0x330BB74	D0F29794	bl #0x59086b4	-
0x330BB78	230340F9	ldr x3, [x25]	-
0x330BB7C	E20300AA	mov x2, x0	-
0x330BB80	E00313AA	mov x0, x19	-
0x330BB84	E10315AA	mov x1, x21	-
0x330BB88	13A17894	bl #0x5133fd4	System.Collections.Generic.Dictionary<object, object>$$Add
0x330BB8C	000340F9	ldr x0, [x24]	-
0x330BB90	48008052	mov w8, #2	-
0x330BB94	E1930791	add x1, sp, #0x1e4	-
0x330BB98	E8E701B9	str w8, [sp, #0x1e4]	-
0x330BB9C	0E10EC97	bl #0x2e0fbd4	-
0x330BBA0	F50300AA	mov x21, x0	-
0x330BBA4	000340F9	ldr x0, [x24]	-
0x330BBA8	68008052	mov w8, #3	-
0x330BBAC	E1830791	add x1, sp, #0x1e0	-
0x330BBB0	E8E301B9	str w8, [sp, #0x1e0]	-
0x330BBB4	0810EC97	bl #0x2e0fbd4	-
0x330BBB8	F60300AA	mov x22, x0	-
0x330BBBC	000340F9	ldr x0, [x24]	-
0x330BBC0	88008052	mov w8, #4	-
0x330BBC4	E1730791	add x1, sp, #0x1dc	-
0x330BBC8	E8DF01B9	str w8, [sp, #0x1dc]	-
0x330BBCC	0210EC97	bl #0x2e0fbd4	-
0x330BBD0	680340F9	ldr x8, [x27]	-
0x330BBD4	E30300AA	mov x3, x0	-
0x330BBD8	E10315AA	mov x1, x21	-
0x330BBDC	E20316AA	mov x2, x22	-
0x330BBE0	E00308AA	mov x0, x8	-
0x330BBE4	E4031FAA	mov x4, xzr	-
0x330BBE8	A2F29794	bl #0x5908670	-
0x330BBEC	480340F9	ldr x8, [x26]	-
0x330BBF0	F50300AA	mov x21, x0	-
0x330BBF4	81008052	mov w1, #4	-
0x330BBF8	E00308AA	mov x0, x8	-
0x330BBFC	D00FEC97	bl #0x2e0fb3c	-
0x330BC00	804C01B4	cbz x0, #0x330e590	-
0x330BC04	F60300AA	mov x22, x0	-
0x330BC08	D40000B4	cbz x20, #0x330bc20	-
0x330BC0C	C80240F9	ldr x8, [x22]	-
0x330BC10	E00314AA	mov x0, x20	-
0x330BC14	012140F9	ldr x1, [x8, #0x40]	-
0x330BC18	EE0FEC97	bl #0x2e0fbd0	-
0x330BC1C	404B01B4	cbz x0, #0x330e584	-
0x330BC20	C81A40B9	ldr w8, [x22, #0x18]	-
0x330BC24	E84A0134	cbz w8, #0x330e580	-
0x330BC28	E00316AA	mov x0, x22	-
0x330BC2C	140C02F8	str x20, [x0, #0x20]!	-
0x330BC30	E10314AA	mov x1, x20	-
0x330BC34	740FEC97	bl #0x2e0fa04	-
0x330BC38	000340F9	ldr x0, [x24]	-
0x330BC3C	48008052	mov w8, #2	-
0x330BC40	E1630791	add x1, sp, #0x1d8	-
0x330BC44	E8DB01B9	str w8, [sp, #0x1d8]	-
0x330BC48	E30FEC97	bl #0x2e0fbd4	-
0x330BC4C	F70300AA	mov x23, x0	-
0x330BC50	C00000B4	cbz x0, #0x330bc68	-
0x330BC54	C80240F9	ldr x8, [x22]	-
0x330BC58	E00317AA	mov x0, x23	-
0x330BC5C	012140F9	ldr x1, [x8, #0x40]	-
0x330BC60	DC0FEC97	bl #0x2e0fbd0	-
0x330BC64	004901B4	cbz x0, #0x330e584	-
0x330BC68	C81A40B9	ldr w8, [x22, #0x18]	-
0x330BC6C	1F050071	cmp w8, #1	-
0x330BC70	89480154	b.ls #0x330e580	-
0x330BC74	E00316AA	mov x0, x22	-
0x330BC78	178C02F8	str x23, [x0, #0x28]!	-
0x330BC7C	E10317AA	mov x1, x23	-
0x330BC80	610FEC97	bl #0x2e0fa04	-
0x330BC84	000340F9	ldr x0, [x24]	-
0x330BC88	68008052	mov w8, #3	-
0x330BC8C	E1530791	add x1, sp, #0x1d4	-
0x330BC90	E8D701B9	str w8, [sp, #0x1d4]	-
0x330BC94	D00FEC97	bl #0x2e0fbd4	-
0x330BC98	F70300AA	mov x23, x0	-
0x330BC9C	C00000B4	cbz x0, #0x330bcb4	-
0x330BCA0	C80240F9	ldr x8, [x22]	-
0x330BCA4	E00317AA	mov x0, x23	-
0x330BCA8	012140F9	ldr x1, [x8, #0x40]	-
0x330BCAC	C90FEC97	bl #0x2e0fbd0	-
0x330BCB0	A04601B4	cbz x0, #0x330e584	-
0x330BCB4	C81A40B9	ldr w8, [x22, #0x18]	-
0x330BCB8	1F090071	cmp w8, #2	-
0x330BCBC	29460154	b.ls #0x330e580	-
0x330BCC0	E00316AA	mov x0, x22	-
0x330BCC4	170C03F8	str x23, [x0, #0x30]!	-
0x330BCC8	E10317AA	mov x1, x23	-
0x330BCCC	4E0FEC97	bl #0x2e0fa04	-
0x330BCD0	000340F9	ldr x0, [x24]	-
0x330BCD4	88008052	mov w8, #4	-
0x330BCD8	E1430791	add x1, sp, #0x1d0	-
0x330BCDC	E8D301B9	str w8, [sp, #0x1d0]	-
0x330BCE0	BD0FEC97	bl #0x2e0fbd4	-
0x330BCE4	F70300AA	mov x23, x0	-
0x330BCE8	C00000B4	cbz x0, #0x330bd00	-
0x330BCEC	C80240F9	ldr x8, [x22]	-
0x330BCF0	E00317AA	mov x0, x23	-
0x330BCF4	012140F9	ldr x1, [x8, #0x40]	-
0x330BCF8	B60FEC97	bl #0x2e0fbd0	-
0x330BCFC	404401B4	cbz x0, #0x330e584	-
0x330BD00	C81A40B9	ldr w8, [x22, #0x18]	-
0x330BD04	1F0D0071	cmp w8, #3	-
0x330BD08	C9430154	b.ls #0x330e580	-
0x330BD0C	E00316AA	mov x0, x22	-
0x330BD10	178C03F8	str x23, [x0, #0x38]!	-
0x330BD14	E10317AA	mov x1, x23	-
0x330BD18	3B0FEC97	bl #0x2e0fa04	-
0x330BD1C	800340F9	ldr x0, [x28]	-
0x330BD20	E10316AA	mov x1, x22	-
0x330BD24	E2031FAA	mov x2, xzr	-
0x330BD28	63F29794	bl #0x59086b4	-
0x330BD2C	230340F9	ldr x3, [x25]	-
0x330BD30	E20300AA	mov x2, x0	-
0x330BD34	E00313AA	mov x0, x19	-
0x330BD38	E10315AA	mov x1, x21	-
0x330BD3C	A6A07894	bl #0x5133fd4	System.Collections.Generic.Dictionary<object, object>$$Add
0x330BD40	000340F9	ldr x0, [x24]	-
0x330BD44	68008052	mov w8, #3	-
0x330BD48	E1330791	add x1, sp, #0x1cc	-
0x330BD4C	E8CF01B9	str w8, [sp, #0x1cc]	-
0x330BD50	A10FEC97	bl #0x2e0fbd4	-
0x330BD54	F50300AA	mov x21, x0	-
0x330BD58	000340F9	ldr x0, [x24]	-
0x330BD5C	88008052	mov w8, #4	-
0x330BD60	E1230791	add x1, sp, #0x1c8	-
0x330BD64	E8CB01B9	str w8, [sp, #0x1c8]	-
0x330BD68	9B0FEC97	bl #0x2e0fbd4	-
0x330BD6C	F60300AA	mov x22, x0	-
0x330BD70	000340F9	ldr x0, [x24]	-
0x330BD74	A8008052	mov w8, #5	-
0x330BD78	E1130791	add x1, sp, #0x1c4	-
0x330BD7C	E8C701B9	str w8, [sp, #0x1c4]	-
0x330BD80	950FEC97	bl #0x2e0fbd4	-
0x330BD84	680340F9	ldr x8, [x27]	-
0x330BD88	E30300AA	mov x3, x0	-
0x330BD8C	E10315AA	mov x1, x21	-
0x330BD90	E20316AA	mov x2, x22	-
0x330BD94	E00308AA	mov x0, x8	-
0x330BD98	E4031FAA	mov x4, xzr	-
0x330BD9C	35F29794	bl #0x5908670	-
0x330BDA0	480340F9	ldr x8, [x26]	-
0x330BDA4	F50300AA	mov x21, x0	-
0x330BDA8	81008052	mov w1, #4	-
0x330BDAC	E00308AA	mov x0, x8	-
0x330BDB0	630FEC97	bl #0x2e0fb3c	-
0x330BDB4	E03E01B4	cbz x0, #0x330e590	-
0x330BDB8	F60300AA	mov x22, x0	-
0x330BDBC	D40000B4	cbz x20, #0x330bdd4	-
0x330BDC0	C80240F9	ldr x8, [x22]	-
0x330BDC4	E00314AA	mov x0, x20	-
0x330BDC8	012140F9	ldr x1, [x8, #0x40]	-
0x330BDCC	810FEC97	bl #0x2e0fbd0	-
0x330BDD0	A03D01B4	cbz x0, #0x330e584	-
0x330BDD4	C81A40B9	ldr w8, [x22, #0x18]	-
0x330BDD8	483D0134	cbz w8, #0x330e580	-
0x330BDDC	E00316AA	mov x0, x22	-
0x330BDE0	140C02F8	str x20, [x0, #0x20]!	-
0x330BDE4	E10314AA	mov x1, x20	-
0x330BDE8	070FEC97	bl #0x2e0fa04	-
0x330BDEC	000340F9	ldr x0, [x24]	-
0x330BDF0	68008052	mov w8, #3	-
0x330BDF4	E1030791	add x1, sp, #0x1c0	-
0x330BDF8	E8C301B9	str w8, [sp, #0x1c0]	-
0x330BDFC	760FEC97	bl #0x2e0fbd4	-
0x330BE00	F70300AA	mov x23, x0	-
0x330BE04	C00000B4	cbz x0, #0x330be1c	-
0x330BE08	C80240F9	ldr x8, [x22]	-
0x330BE0C	E00317AA	mov x0, x23	-
0x330BE10	012140F9	ldr x1, [x8, #0x40]	-
0x330BE14	6F0FEC97	bl #0x2e0fbd0	-
0x330BE18	603B01B4	cbz x0, #0x330e584	-
0x330BE1C	C81A40B9	ldr w8, [x22, #0x18]	-
0x330BE20	1F050071	cmp w8, #1	-
0x330BE24	E93A0154	b.ls #0x330e580	-
0x330BE28	E00316AA	mov x0, x22	-
0x330BE2C	178C02F8	str x23, [x0, #0x28]!	-
0x330BE30	E10317AA	mov x1, x23	-
0x330BE34	F40EEC97	bl #0x2e0fa04	-
0x330BE38	000340F9	ldr x0, [x24]	-
0x330BE3C	88008052	mov w8, #4	-
0x330BE40	E1F30691	add x1, sp, #0x1bc	-
0x330BE44	E8BF01B9	str w8, [sp, #0x1bc]	-
0x330BE48	630FEC97	bl #0x2e0fbd4	-
0x330BE4C	F70300AA	mov x23, x0	-
0x330BE50	C00000B4	cbz x0, #0x330be68	-
0x330BE54	C80240F9	ldr x8, [x22]	-
0x330BE58	E00317AA	mov x0, x23	-
0x330BE5C	012140F9	ldr x1, [x8, #0x40]	-
0x330BE60	5C0FEC97	bl #0x2e0fbd0	-
0x330BE64	003901B4	cbz x0, #0x330e584	-
0x330BE68	C81A40B9	ldr w8, [x22, #0x18]	-
0x330BE6C	1F090071	cmp w8, #2	-
0x330BE70	89380154	b.ls #0x330e580	-
0x330BE74	E00316AA	mov x0, x22	-
0x330BE78	170C03F8	str x23, [x0, #0x30]!	-
0x330BE7C	E10317AA	mov x1, x23	-
0x330BE80	E10EEC97	bl #0x2e0fa04	-
0x330BE84	000340F9	ldr x0, [x24]	-
0x330BE88	A8008052	mov w8, #5	-
0x330BE8C	E1E30691	add x1, sp, #0x1b8	-
0x330BE90	E8BB01B9	str w8, [sp, #0x1b8]	-
0x330BE94	500FEC97	bl #0x2e0fbd4	-
0x330BE98	F70300AA	mov x23, x0	-
0x330BE9C	C00000B4	cbz x0, #0x330beb4	-
0x330BEA0	C80240F9	ldr x8, [x22]	-
0x330BEA4	E00317AA	mov x0, x23	-
0x330BEA8	012140F9	ldr x1, [x8, #0x40]	-
0x330BEAC	490FEC97	bl #0x2e0fbd0	-
0x330BEB0	A03601B4	cbz x0, #0x330e584	-
0x330BEB4	C81A40B9	ldr w8, [x22, #0x18]	-
0x330BEB8	1F0D0071	cmp w8, #3	-
0x330BEBC	29360154	b.ls #0x330e580	-
0x330BEC0	E00316AA	mov x0, x22	-
0x330BEC4	178C03F8	str x23, [x0, #0x38]!	-
0x330BEC8	E10317AA	mov x1, x23	-
0x330BECC	CE0EEC97	bl #0x2e0fa04	-
0x330BED0	800340F9	ldr x0, [x28]	-
0x330BED4	E10316AA	mov x1, x22	-
0x330BED8	E2031FAA	mov x2, xzr	-
0x330BEDC	F6F19794	bl #0x59086b4	-
0x330BEE0	230340F9	ldr x3, [x25]	-
0x330BEE4	E20300AA	mov x2, x0	-
0x330BEE8	E00313AA	mov x0, x19	-
0x330BEEC	E10315AA	mov x1, x21	-
0x330BEF0	39A07894	bl #0x5133fd4	System.Collections.Generic.Dictionary<object, object>$$Add
0x330BEF4	000340F9	ldr x0, [x24]	-
0x330BEF8	88008052	mov w8, #4	-
0x330BEFC	E1D30691	add x1, sp, #0x1b4	-
0x330BF00	E8B701B9	str w8, [sp, #0x1b4]	-
0x330BF04	340FEC97	bl #0x2e0fbd4	-
0x330BF08	F50300AA	mov x21, x0	-
0x330BF0C	000340F9	ldr x0, [x24]	-
0x330BF10	A8008052	mov w8, #5	-
0x330BF14	E1C30691	add x1, sp, #0x1b0	-
0x330BF18	E8B301B9	str w8, [sp, #0x1b0]	-
0x330BF1C	2E0FEC97	bl #0x2e0fbd4	-
0x330BF20	F60300AA	mov x22, x0	-
0x330BF24	000340F9	ldr x0, [x24]	-
0x330BF28	C8008052	mov w8, #6	-
0x330BF2C	E1B30691	add x1, sp, #0x1ac	-
0x330BF30	E8AF01B9	str w8, [sp, #0x1ac]	-
0x330BF34	280FEC97	bl #0x2e0fbd4	-
0x330BF38	680340F9	ldr x8, [x27]	-
0x330BF3C	E30300AA	mov x3, x0	-
0x330BF40	E10315AA	mov x1, x21	-
0x330BF44	E20316AA	mov x2, x22	-
0x330BF48	E00308AA	mov x0, x8	-
0x330BF4C	E4031FAA	mov x4, xzr	-
0x330BF50	C8F19794	bl #0x5908670	-
0x330BF54	480340F9	ldr x8, [x26]	-
0x330BF58	F50300AA	mov x21, x0	-
0x330BF5C	81008052	mov w1, #4	-
0x330BF60	E00308AA	mov x0, x8	-
0x330BF64	F60EEC97	bl #0x2e0fb3c	-
0x330BF68	403101B4	cbz x0, #0x330e590	-
0x330BF6C	F60300AA	mov x22, x0	-
0x330BF70	D40000B4	cbz x20, #0x330bf88	-
0x330BF74	C80240F9	ldr x8, [x22]	-
0x330BF78	E00314AA	mov x0, x20	-
0x330BF7C	012140F9	ldr x1, [x8, #0x40]	-
0x330BF80	140FEC97	bl #0x2e0fbd0	-
0x330BF84	003001B4	cbz x0, #0x330e584	-
0x330BF88	C81A40B9	ldr w8, [x22, #0x18]	-
0x330BF8C	A82F0134	cbz w8, #0x330e580	-
0x330BF90	E00316AA	mov x0, x22	-
0x330BF94	140C02F8	str x20, [x0, #0x20]!	-
0x330BF98	E10314AA	mov x1, x20	-
0x330BF9C	9A0EEC97	bl #0x2e0fa04	-
0x330BFA0	000340F9	ldr x0, [x24]	-
0x330BFA4	88008052	mov w8, #4	-
0x330BFA8	E1A30691	add x1, sp, #0x1a8	-
0x330BFAC	E8AB01B9	str w8, [sp, #0x1a8]	-
0x330BFB0	090FEC97	bl #0x2e0fbd4	-
0x330BFB4	F70300AA	mov x23, x0	-
0x330BFB8	C00000B4	cbz x0, #0x330bfd0	-
0x330BFBC	C80240F9	ldr x8, [x22]	-
0x330BFC0	E00317AA	mov x0, x23	-
0x330BFC4	012140F9	ldr x1, [x8, #0x40]	-
0x330BFC8	020FEC97	bl #0x2e0fbd0	-
0x330BFCC	C02D01B4	cbz x0, #0x330e584	-
0x330BFD0	C81A40B9	ldr w8, [x22, #0x18]	-
0x330BFD4	1F050071	cmp w8, #1	-
0x330BFD8	492D0154	b.ls #0x330e580	-
0x330BFDC	E00316AA	mov x0, x22	-
0x330BFE0	178C02F8	str x23, [x0, #0x28]!	-
0x330BFE4	E10317AA	mov x1, x23	-
0x330BFE8	870EEC97	bl #0x2e0fa04	-
0x330BFEC	000340F9	ldr x0, [x24]	-
0x330BFF0	A8008052	mov w8, #5	-
0x330BFF4	E1930691	add x1, sp, #0x1a4	-
0x330BFF8	E8A701B9	str w8, [sp, #0x1a4]	-
0x330BFFC	F60EEC97	bl #0x2e0fbd4	-
0x330C000	F70300AA	mov x23, x0	-
0x330C004	C00000B4	cbz x0, #0x330c01c	-
0x330C008	C80240F9	ldr x8, [x22]	-
0x330C00C	E00317AA	mov x0, x23	-
0x330C010	012140F9	ldr x1, [x8, #0x40]	-
0x330C014	EF0EEC97	bl #0x2e0fbd0	-
0x330C018	602B01B4	cbz x0, #0x330e584	-
0x330C01C	C81A40B9	ldr w8, [x22, #0x18]	-
0x330C020	1F090071	cmp w8, #2	-
0x330C024	E92A0154	b.ls #0x330e580	-
0x330C028	E00316AA	mov x0, x22	-
0x330C02C	170C03F8	str x23, [x0, #0x30]!	-
0x330C030	E10317AA	mov x1, x23	-
0x330C034	740EEC97	bl #0x2e0fa04	-
0x330C038	000340F9	ldr x0, [x24]	-
0x330C03C	C8008052	mov w8, #6	-
0x330C040	E1830691	add x1, sp, #0x1a0	-
0x330C044	E8A301B9	str w8, [sp, #0x1a0]	-
0x330C048	E30EEC97	bl #0x2e0fbd4	-
0x330C04C	F70300AA	mov x23, x0	-
0x330C050	C00000B4	cbz x0, #0x330c068	-
0x330C054	C80240F9	ldr x8, [x22]	-
0x330C058	E00317AA	mov x0, x23	-
0x330C05C	012140F9	ldr x1, [x8, #0x40]	-
0x330C060	DC0EEC97	bl #0x2e0fbd0	-
0x330C064	002901B4	cbz x0, #0x330e584	-
0x330C068	C81A40B9	ldr w8, [x22, #0x18]	-
0x330C06C	1F0D0071	cmp w8, #3	-
0x330C070	89280154	b.ls #0x330e580	-
0x330C074	E00316AA	mov x0, x22	-
0x330C078	178C03F8	str x23, [x0, #0x38]!	-
0x330C07C	E10317AA	mov x1, x23	-
0x330C080	610EEC97	bl #0x2e0fa04	-
0x330C084	800340F9	ldr x0, [x28]	-
0x330C088	E10316AA	mov x1, x22	-
0x330C08C	E2031FAA	mov x2, xzr	-
0x330C090	89F19794	bl #0x59086b4	-
0x330C094	230340F9	ldr x3, [x25]	-
0x330C098	E20300AA	mov x2, x0	-
0x330C09C	E00313AA	mov x0, x19	-
0x330C0A0	E10315AA	mov x1, x21	-
0x330C0A4	CC9F7894	bl #0x5133fd4	System.Collections.Generic.Dictionary<object, object>$$Add
0x330C0A8	400340F9	ldr x0, [x26]	-
0x330C0AC	81008052	mov w1, #4	-
0x330C0B0	A30EEC97	bl #0x2e0fb3c	-
0x330C0B4	F50300AA	mov x21, x0	-
0x330C0B8	000340F9	ldr x0, [x24]	-
0x330C0BC	E1730691	add x1, sp, #0x19c	-
0x330C0C0	FF9F01B9	str wzr, [sp, #0x19c]	-
0x330C0C4	C40EEC97	bl #0x2e0fbd4	-
0x330C0C8	552601B4	cbz x21, #0x330e590	-
0x330C0CC	F60300AA	mov x22, x0	-
0x330C0D0	C00000B4	cbz x0, #0x330c0e8	-
0x330C0D4	A80240F9	ldr x8, [x21]	-
0x330C0D8	E00316AA	mov x0, x22	-
0x330C0DC	012140F9	ldr x1, [x8, #0x40]	-
0x330C0E0	BC0EEC97	bl #0x2e0fbd0	-
0x330C0E4	002501B4	cbz x0, #0x330e584	-
0x330C0E8	A81A40B9	ldr w8, [x21, #0x18]	-
0x330C0EC	A8240134	cbz w8, #0x330e580	-
0x330C0F0	E00315AA	mov x0, x21	-
0x330C0F4	160C02F8	str x22, [x0, #0x20]!	-
0x330C0F8	E10316AA	mov x1, x22	-
0x330C0FC	420EEC97	bl #0x2e0fa04	-
0x330C100	000340F9	ldr x0, [x24]	-
0x330C104	28008052	mov w8, #1	-
0x330C108	E1630691	add x1, sp, #0x198	-
0x330C10C	E89B01B9	str w8, [sp, #0x198]	-
0x330C110	B10EEC97	bl #0x2e0fbd4	-
0x330C114	F60300AA	mov x22, x0	-
0x330C118	C00000B4	cbz x0, #0x330c130	-
0x330C11C	A80240F9	ldr x8, [x21]	-
0x330C120	E00316AA	mov x0, x22	-
0x330C124	012140F9	ldr x1, [x8, #0x40]	-
0x330C128	AA0EEC97	bl #0x2e0fbd0	-
0x330C12C	C02201B4	cbz x0, #0x330e584	-
0x330C130	A81A40B9	ldr w8, [x21, #0x18]	-
0x330C134	1F050071	cmp w8, #1	-
0x330C138	49220154	b.ls #0x330e580	-
0x330C13C	E00315AA	mov x0, x21	-
0x330C140	168C02F8	str x22, [x0, #0x28]!	-
0x330C144	E10316AA	mov x1, x22	-
0x330C148	2F0EEC97	bl #0x2e0fa04	-
0x330C14C	000340F9	ldr x0, [x24]	-
0x330C150	48008052	mov w8, #2	-
0x330C154	E1530691	add x1, sp, #0x194	-
0x330C158	E89701B9	str w8, [sp, #0x194]	-
0x330C15C	9E0EEC97	bl #0x2e0fbd4	-
0x330C160	F60300AA	mov x22, x0	-
0x330C164	C00000B4	cbz x0, #0x330c17c	-
0x330C168	A80240F9	ldr x8, [x21]	-
0x330C16C	E00316AA	mov x0, x22	-
0x330C170	012140F9	ldr x1, [x8, #0x40]	-
0x330C174	970EEC97	bl #0x2e0fbd0	-
0x330C178	602001B4	cbz x0, #0x330e584	-
0x330C17C	A81A40B9	ldr w8, [x21, #0x18]	-
0x330C180	1F090071	cmp w8, #2	-
0x330C184	E91F0154	b.ls #0x330e580	-
0x330C188	E00315AA	mov x0, x21	-
0x330C18C	160C03F8	str x22, [x0, #0x30]!	-
0x330C190	E10316AA	mov x1, x22	-
0x330C194	1C0EEC97	bl #0x2e0fa04	-
0x330C198	000340F9	ldr x0, [x24]	-
0x330C19C	68008052	mov w8, #3	-
0x330C1A0	E1430691	add x1, sp, #0x190	-
0x330C1A4	E89301B9	str w8, [sp, #0x190]	-
0x330C1A8	8B0EEC97	bl #0x2e0fbd4	-
0x330C1AC	F60300AA	mov x22, x0	-
0x330C1B0	C00000B4	cbz x0, #0x330c1c8	-
0x330C1B4	A80240F9	ldr x8, [x21]	-
0x330C1B8	E00316AA	mov x0, x22	-
0x330C1BC	012140F9	ldr x1, [x8, #0x40]	-
0x330C1C0	840EEC97	bl #0x2e0fbd0	-
0x330C1C4	001E01B4	cbz x0, #0x330e584	-
0x330C1C8	A81A40B9	ldr w8, [x21, #0x18]	-
0x330C1CC	1F0D0071	cmp w8, #3	-
0x330C1D0	891D0154	b.ls #0x330e580	-
0x330C1D4	E00315AA	mov x0, x21	-
0x330C1D8	168C03F8	str x22, [x0, #0x38]!	-
0x330C1DC	E10316AA	mov x1, x22	-
0x330C1E0	090EEC97	bl #0x2e0fa04	-
0x330C1E4	800340F9	ldr x0, [x28]	-
0x330C1E8	E10315AA	mov x1, x21	-
0x330C1EC	E2031FAA	mov x2, xzr	-
0x330C1F0	31F19794	bl #0x59086b4	-
0x330C1F4	480340F9	ldr x8, [x26]	-
0x330C1F8	F50300AA	mov x21, x0	-
0x330C1FC	A1008052	mov w1, #5	-
0x330C200	E00308AA	mov x0, x8	-
0x330C204	4E0EEC97	bl #0x2e0fb3c	-
0x330C208	401C01B4	cbz x0, #0x330e590	-
0x330C20C	F60300AA	mov x22, x0	-
0x330C210	D40000B4	cbz x20, #0x330c228	-
0x330C214	C80240F9	ldr x8, [x22]	-
0x330C218	E00314AA	mov x0, x20	-
0x330C21C	012140F9	ldr x1, [x8, #0x40]	-
0x330C220	6C0EEC97	bl #0x2e0fbd0	-
0x330C224	001B01B4	cbz x0, #0x330e584	-
0x330C228	C81A40B9	ldr w8, [x22, #0x18]	-
0x330C22C	A81A0134	cbz w8, #0x330e580	-
0x330C230	E00316AA	mov x0, x22	-
0x330C234	140C02F8	str x20, [x0, #0x20]!	-
0x330C238	E10314AA	mov x1, x20	-
0x330C23C	F20DEC97	bl #0x2e0fa04	-
0x330C240	000340F9	ldr x0, [x24]	-
0x330C244	E1330691	add x1, sp, #0x18c	-
0x330C248	FF8F01B9	str wzr, [sp, #0x18c]	-
0x330C24C	620EEC97	bl #0x2e0fbd4	-
0x330C250	F70300AA	mov x23, x0	-
0x330C254	C00000B4	cbz x0, #0x330c26c	-
0x330C258	C80240F9	ldr x8, [x22]	-
0x330C25C	E00317AA	mov x0, x23	-
0x330C260	012140F9	ldr x1, [x8, #0x40]	-
0x330C264	5B0EEC97	bl #0x2e0fbd0	-
0x330C268	E01801B4	cbz x0, #0x330e584	-
0x330C26C	C81A40B9	ldr w8, [x22, #0x18]	-
0x330C270	1F050071	cmp w8, #1	-
0x330C274	69180154	b.ls #0x330e580	-
0x330C278	E00316AA	mov x0, x22	-
0x330C27C	178C02F8	str x23, [x0, #0x28]!	-
0x330C280	E10317AA	mov x1, x23	-
0x330C284	E00DEC97	bl #0x2e0fa04	-
0x330C288	000340F9	ldr x0, [x24]	-
0x330C28C	28008052	mov w8, #1	-
0x330C290	E1230691	add x1, sp, #0x188	-
0x330C294	E88B01B9	str w8, [sp, #0x188]	-
0x330C298	4F0EEC97	bl #0x2e0fbd4	-
0x330C29C	F70300AA	mov x23, x0	-
0x330C2A0	C00000B4	cbz x0, #0x330c2b8	-
0x330C2A4	C80240F9	ldr x8, [x22]	-
0x330C2A8	E00317AA	mov x0, x23	-
0x330C2AC	012140F9	ldr x1, [x8, #0x40]	-
0x330C2B0	480EEC97	bl #0x2e0fbd0	-
0x330C2B4	801601B4	cbz x0, #0x330e584	-
0x330C2B8	C81A40B9	ldr w8, [x22, #0x18]	-
0x330C2BC	1F090071	cmp w8, #2	-
0x330C2C0	09160154	b.ls #0x330e580	-
0x330C2C4	E00316AA	mov x0, x22	-
0x330C2C8	170C03F8	str x23, [x0, #0x30]!	-
0x330C2CC	E10317AA	mov x1, x23	-
0x330C2D0	CD0DEC97	bl #0x2e0fa04	-
0x330C2D4	000340F9	ldr x0, [x24]	-
0x330C2D8	48008052	mov w8, #2	-
0x330C2DC	E1130691	add x1, sp, #0x184	-
0x330C2E0	E88701B9	str w8, [sp, #0x184]	-
0x330C2E4	3C0EEC97	bl #0x2e0fbd4	-
0x330C2E8	F70300AA	mov x23, x0	-
0x330C2EC	C00000B4	cbz x0, #0x330c304	-
0x330C2F0	C80240F9	ldr x8, [x22]	-
0x330C2F4	E00317AA	mov x0, x23	-
0x330C2F8	012140F9	ldr x1, [x8, #0x40]	-
0x330C2FC	350EEC97	bl #0x2e0fbd0	-
0x330C300	201401B4	cbz x0, #0x330e584	-
0x330C304	C81A40B9	ldr w8, [x22, #0x18]	-
0x330C308	1F0D0071	cmp w8, #3	-
0x330C30C	A9130154	b.ls #0x330e580	-
0x330C310	E00316AA	mov x0, x22	-
0x330C314	178C03F8	str x23, [x0, #0x38]!	-
0x330C318	E10317AA	mov x1, x23	-
0x330C31C	BA0DEC97	bl #0x2e0fa04	-
0x330C320	000340F9	ldr x0, [x24]	-
0x330C324	68008052	mov w8, #3	-
0x330C328	E1030691	add x1, sp, #0x180	-
0x330C32C	E88301B9	str w8, [sp, #0x180]	-
0x330C330	290EEC97	bl #0x2e0fbd4	-
0x330C334	F70300AA	mov x23, x0	-
0x330C338	C00000B4	cbz x0, #0x330c350	-
0x330C33C	C80240F9	ldr x8, [x22]	-
0x330C340	E00317AA	mov x0, x23	-
0x330C344	012140F9	ldr x1, [x8, #0x40]	-
0x330C348	220EEC97	bl #0x2e0fbd0	-
0x330C34C	C01101B4	cbz x0, #0x330e584	-
0x330C350	C81A40B9	ldr w8, [x22, #0x18]	-
0x330C354	1F110071	cmp w8, #4	-
0x330C358	49110154	b.ls #0x330e580	-
0x330C35C	E00316AA	mov x0, x22	-
0x330C360	170C04F8	str x23, [x0, #0x40]!	-
0x330C364	E10317AA	mov x1, x23	-
0x330C368	A70DEC97	bl #0x2e0fa04	-
0x330C36C	9BCC01D0	adrp x27, #0x6c9e000	-
0x330C370	7BF345F9	ldr x27, [x27, #0xbe0]	-
0x330C374	E10316AA	mov x1, x22	-
0x330C378	E2031FAA	mov x2, xzr	-
0x330C37C	600340F9	ldr x0, [x27]	-
0x330C380	CDF09794	bl #0x59086b4	-
0x330C384	230340F9	ldr x3, [x25]	-
0x330C388	E20300AA	mov x2, x0	-
0x330C38C	E00313AA	mov x0, x19	-
0x330C390	E10315AA	mov x1, x21	-
0x330C394	109F7894	bl #0x5133fd4	System.Collections.Generic.Dictionary<object, object>$$Add
0x330C398	400340F9	ldr x0, [x26]	-
0x330C39C	81008052	mov w1, #4	-
0x330C3A0	E70DEC97	bl #0x2e0fb3c	-
0x330C3A4	F50300AA	mov x21, x0	-
0x330C3A8	000340F9	ldr x0, [x24]	-
0x330C3AC	28008052	mov w8, #1	-
0x330C3B0	E1F30591	add x1, sp, #0x17c	-
0x330C3B4	E87F01B9	str w8, [sp, #0x17c]	-
0x330C3B8	070EEC97	bl #0x2e0fbd4	-
0x330C3BC	B50E01B4	cbz x21, #0x330e590	-
0x330C3C0	F60300AA	mov x22, x0	-
0x330C3C4	C00000B4	cbz x0, #0x330c3dc	-
0x330C3C8	A80240F9	ldr x8, [x21]	-
0x330C3CC	E00316AA	mov x0, x22	-
0x330C3D0	012140F9	ldr x1, [x8, #0x40]	-
0x330C3D4	FF0DEC97	bl #0x2e0fbd0	-
0x330C3D8	600D01B4	cbz x0, #0x330e584	-
0x330C3DC	A81A40B9	ldr w8, [x21, #0x18]	-
0x330C3E0	080D0134	cbz w8, #0x330e580	-
0x330C3E4	E00315AA	mov x0, x21	-
0x330C3E8	160C02F8	str x22, [x0, #0x20]!	-
0x330C3EC	E10316AA	mov x1, x22	-
0x330C3F0	850DEC97	bl #0x2e0fa04	-
0x330C3F4	000340F9	ldr x0, [x24]	-
0x330C3F8	48008052	mov w8, #2	-
0x330C3FC	E1E30591	add x1, sp, #0x178	-
0x330C400	E87B01B9	str w8, [sp, #0x178]	-
0x330C404	F40DEC97	bl #0x2e0fbd4	-
0x330C408	F60300AA	mov x22, x0	-
0x330C40C	C00000B4	cbz x0, #0x330c424	-
0x330C410	A80240F9	ldr x8, [x21]	-
0x330C414	E00316AA	mov x0, x22	-
0x330C418	012140F9	ldr x1, [x8, #0x40]	-
0x330C41C	ED0DEC97	bl #0x2e0fbd0	-
0x330C420	200B01B4	cbz x0, #0x330e584	-
0x330C424	A81A40B9	ldr w8, [x21, #0x18]	-
0x330C428	1F050071	cmp w8, #1	-
0x330C42C	A90A0154	b.ls #0x330e580	-
0x330C430	E00315AA	mov x0, x21	-
0x330C434	168C02F8	str x22, [x0, #0x28]!	-
0x330C438	E10316AA	mov x1, x22	-
0x330C43C	720DEC97	bl #0x2e0fa04	-
0x330C440	000340F9	ldr x0, [x24]	-
0x330C444	68008052	mov w8, #3	-
0x330C448	E1D30591	add x1, sp, #0x174	-
0x330C44C	E87701B9	str w8, [sp, #0x174]	-
0x330C450	E10DEC97	bl #0x2e0fbd4	-
0x330C454	F60300AA	mov x22, x0	-
0x330C458	C00000B4	cbz x0, #0x330c470	-
0x330C45C	A80240F9	ldr x8, [x21]	-
0x330C460	E00316AA	mov x0, x22	-
0x330C464	012140F9	ldr x1, [x8, #0x40]	-
0x330C468	DA0DEC97	bl #0x2e0fbd0	-
0x330C46C	C00801B4	cbz x0, #0x330e584	-
0x330C470	A81A40B9	ldr w8, [x21, #0x18]	-
0x330C474	1F090071	cmp w8, #2	-
0x330C478	49080154	b.ls #0x330e580	-
0x330C47C	E00315AA	mov x0, x21	-
0x330C480	160C03F8	str x22, [x0, #0x30]!	-
0x330C484	E10316AA	mov x1, x22	-
0x330C488	5F0DEC97	bl #0x2e0fa04	-
0x330C48C	000340F9	ldr x0, [x24]	-
0x330C490	88008052	mov w8, #4	-
0x330C494	E1C30591	add x1, sp, #0x170	-
0x330C498	E87301B9	str w8, [sp, #0x170]	-
0x330C49C	CE0DEC97	bl #0x2e0fbd4	-
0x330C4A0	F60300AA	mov x22, x0	-
0x330C4A4	C00000B4	cbz x0, #0x330c4bc	-
0x330C4A8	A80240F9	ldr x8, [x21]	-
0x330C4AC	E00316AA	mov x0, x22	-
0x330C4B0	012140F9	ldr x1, [x8, #0x40]	-
0x330C4B4	C70DEC97	bl #0x2e0fbd0	-
0x330C4B8	600601B4	cbz x0, #0x330e584	-
0x330C4BC	A81A40B9	ldr w8, [x21, #0x18]	-
0x330C4C0	1F0D0071	cmp w8, #3	-
0x330C4C4	E9050154	b.ls #0x330e580	-
0x330C4C8	E00315AA	mov x0, x21	-
0x330C4CC	168C03F8	str x22, [x0, #0x38]!	-
0x330C4D0	E10316AA	mov x1, x22	-
0x330C4D4	4C0DEC97	bl #0x2e0fa04	-
0x330C4D8	800340F9	ldr x0, [x28]	-
0x330C4DC	E10315AA	mov x1, x21	-
0x330C4E0	E2031FAA	mov x2, xzr	-
0x330C4E4	74F09794	bl #0x59086b4	-
0x330C4E8	480340F9	ldr x8, [x26]	-
0x330C4EC	F50300AA	mov x21, x0	-
0x330C4F0	A1008052	mov w1, #5	-
0x330C4F4	E00308AA	mov x0, x8	-
0x330C4F8	910DEC97	bl #0x2e0fb3c	-
0x330C4FC	A00401B4	cbz x0, #0x330e590	-
0x330C500	F60300AA	mov x22, x0	-
0x330C504	D40000B4	cbz x20, #0x330c51c	-
0x330C508	C80240F9	ldr x8, [x22]	-
0x330C50C	E00314AA	mov x0, x20	-
0x330C510	012140F9	ldr x1, [x8, #0x40]	-
0x330C514	AF0DEC97	bl #0x2e0fbd0	-
0x330C518	600301B4	cbz x0, #0x330e584	-
0x330C51C	C81A40B9	ldr w8, [x22, #0x18]	-
0x330C520	08030134	cbz w8, #0x330e580	-
0x330C524	E00316AA	mov x0, x22	-
0x330C528	140C02F8	str x20, [x0, #0x20]!	-
0x330C52C	E10314AA	mov x1, x20	-
0x330C530	350DEC97	bl #0x2e0fa04	-
0x330C534	000340F9	ldr x0, [x24]	-
0x330C538	28008052	mov w8, #1	-
0x330C53C	E1B30591	add x1, sp, #0x16c	-
0x330C540	E86F01B9	str w8, [sp, #0x16c]	-
0x330C544	A40DEC97	bl #0x2e0fbd4	-
0x330C548	F70300AA	mov x23, x0	-
0x330C54C	C00000B4	cbz x0, #0x330c564	-
0x330C550	C80240F9	ldr x8, [x22]	-
0x330C554	E00317AA	mov x0, x23	-
0x330C558	012140F9	ldr x1, [x8, #0x40]	-
0x330C55C	9D0DEC97	bl #0x2e0fbd0	-
0x330C560	200101B4	cbz x0, #0x330e584	-
0x330C564	C81A40B9	ldr w8, [x22, #0x18]	-
0x330C568	1F050071	cmp w8, #1	-
0x330C56C	A9000154	b.ls #0x330e580	-
0x330C570	E00316AA	mov x0, x22	-
0x330C574	178C02F8	str x23, [x0, #0x28]!	-
0x330C578	E10317AA	mov x1, x23	-
0x330C57C	220DEC97	bl #0x2e0fa04	-
0x330C580	000340F9	ldr x0, [x24]	-
0x330C584	48008052	mov w8, #2	-
0x330C588	E1A30591	add x1, sp, #0x168	-
0x330C58C	E86B01B9	str w8, [sp, #0x168]	-
0x330C590	910DEC97	bl #0x2e0fbd4	-
0x330C594	F70300AA	mov x23, x0	-
0x330C598	C00000B4	cbz x0, #0x330c5b0	-
0x330C59C	C80240F9	ldr x8, [x22]	-
0x330C5A0	E00317AA	mov x0, x23	-
0x330C5A4	012140F9	ldr x1, [x8, #0x40]	-
0x330C5A8	8A0DEC97	bl #0x2e0fbd0	-
0x330C5AC	C0FE00B4	cbz x0, #0x330e584	-
0x330C5B0	C81A40B9	ldr w8, [x22, #0x18]	-
0x330C5B4	1F090071	cmp w8, #2	-
0x330C5B8	49FE0054	b.ls #0x330e580	-
0x330C5BC	E00316AA	mov x0, x22	-
0x330C5C0	170C03F8	str x23, [x0, #0x30]!	-
0x330C5C4	E10317AA	mov x1, x23	-
0x330C5C8	0F0DEC97	bl #0x2e0fa04	-
0x330C5CC	000340F9	ldr x0, [x24]	-
0x330C5D0	68008052	mov w8, #3	-
0x330C5D4	E1930591	add x1, sp, #0x164	-
0x330C5D8	E86701B9	str w8, [sp, #0x164]	-
0x330C5DC	7E0DEC97	bl #0x2e0fbd4	-
0x330C5E0	F70300AA	mov x23, x0	-
0x330C5E4	C00000B4	cbz x0, #0x330c5fc	-
0x330C5E8	C80240F9	ldr x8, [x22]	-
0x330C5EC	E00317AA	mov x0, x23	-
0x330C5F0	012140F9	ldr x1, [x8, #0x40]	-
0x330C5F4	770DEC97	bl #0x2e0fbd0	-
0x330C5F8	60FC00B4	cbz x0, #0x330e584	-
0x330C5FC	C81A40B9	ldr w8, [x22, #0x18]	-
0x330C600	1F0D0071	cmp w8, #3	-
0x330C604	E9FB0054	b.ls #0x330e580	-
0x330C608	E00316AA	mov x0, x22	-
0x330C60C	178C03F8	str x23, [x0, #0x38]!	-
0x330C610	E10317AA	mov x1, x23	-
0x330C614	FC0CEC97	bl #0x2e0fa04	-
0x330C618	000340F9	ldr x0, [x24]	-
0x330C61C	88008052	mov w8, #4	-
0x330C620	E1830591	add x1, sp, #0x160	-
0x330C624	E86301B9	str w8, [sp, #0x160]	-
0x330C628	6B0DEC97	bl #0x2e0fbd4	-
0x330C62C	F70300AA	mov x23, x0	-
0x330C630	C00000B4	cbz x0, #0x330c648	-
0x330C634	C80240F9	ldr x8, [x22]	-
0x330C638	E00317AA	mov x0, x23	-
0x330C63C	012140F9	ldr x1, [x8, #0x40]	-
0x330C640	640DEC97	bl #0x2e0fbd0	-
0x330C644	00FA00B4	cbz x0, #0x330e584	-
0x330C648	C81A40B9	ldr w8, [x22, #0x18]	-
0x330C64C	1F110071	cmp w8, #4	-
0x330C650	89F90054	b.ls #0x330e580	-
0x330C654	E00316AA	mov x0, x22	-
0x330C658	170C04F8	str x23, [x0, #0x40]!	-
0x330C65C	E10317AA	mov x1, x23	-
0x330C660	E90CEC97	bl #0x2e0fa04	-
0x330C664	600340F9	ldr x0, [x27]	-
0x330C668	E10316AA	mov x1, x22	-
0x330C66C	E2031FAA	mov x2, xzr	-
0x330C670	11F09794	bl #0x59086b4	-
0x330C674	230340F9	ldr x3, [x25]	-
0x330C678	E20300AA	mov x2, x0	-
0x330C67C	E00313AA	mov x0, x19	-
0x330C680	E10315AA	mov x1, x21	-
0x330C684	549E7894	bl #0x5133fd4	System.Collections.Generic.Dictionary<object, object>$$Add
0x330C688	400340F9	ldr x0, [x26]	-
0x330C68C	81008052	mov w1, #4	-
0x330C690	2B0DEC97	bl #0x2e0fb3c	-
0x330C694	F50300AA	mov x21, x0	-
0x330C698	000340F9	ldr x0, [x24]	-
0x330C69C	48008052	mov w8, #2	-
0x330C6A0	E1730591	add x1, sp, #0x15c	-
0x330C6A4	E85F01B9	str w8, [sp, #0x15c]	-
0x330C6A8	4B0DEC97	bl #0x2e0fbd4	-
0x330C6AC	35F700B4	cbz x21, #0x330e590	-
0x330C6B0	F60300AA	mov x22, x0	-
0x330C6B4	C00000B4	cbz x0, #0x330c6cc	-
0x330C6B8	A80240F9	ldr x8, [x21]	-
0x330C6BC	E00316AA	mov x0, x22	-
0x330C6C0	012140F9	ldr x1, [x8, #0x40]	-
0x330C6C4	430DEC97	bl #0x2e0fbd0	-
0x330C6C8	E0F500B4	cbz x0, #0x330e584	-
0x330C6CC	A81A40B9	ldr w8, [x21, #0x18]	-
0x330C6D0	88F50034	cbz w8, #0x330e580	-
0x330C6D4	E00315AA	mov x0, x21	-
0x330C6D8	160C02F8	str x22, [x0, #0x20]!	-
0x330C6DC	E10316AA	mov x1, x22	-
0x330C6E0	C90CEC97	bl #0x2e0fa04	-
0x330C6E4	000340F9	ldr x0, [x24]	-
0x330C6E8	68008052	mov w8, #3	-
0x330C6EC	E1630591	add x1, sp, #0x158	-
0x330C6F0	E85B01B9	str w8, [sp, #0x158]	-
0x330C6F4	380DEC97	bl #0x2e0fbd4	-
0x330C6F8	F60300AA	mov x22, x0	-
0x330C6FC	C00000B4	cbz x0, #0x330c714	-
0x330C700	A80240F9	ldr x8, [x21]	-
0x330C704	E00316AA	mov x0, x22	-
0x330C708	012140F9	ldr x1, [x8, #0x40]	-
0x330C70C	310DEC97	bl #0x2e0fbd0	-
0x330C710	A0F300B4	cbz x0, #0x330e584	-
0x330C714	A81A40B9	ldr w8, [x21, #0x18]	-
0x330C718	1F050071	cmp w8, #1	-
0x330C71C	29F30054	b.ls #0x330e580	-
0x330C720	E00315AA	mov x0, x21	-
0x330C724	168C02F8	str x22, [x0, #0x28]!	-
0x330C728	E10316AA	mov x1, x22	-
0x330C72C	B60CEC97	bl #0x2e0fa04	-
0x330C730	000340F9	ldr x0, [x24]	-
0x330C734	88008052	mov w8, #4	-
0x330C738	E1530591	add x1, sp, #0x154	-
0x330C73C	E85701B9	str w8, [sp, #0x154]	-
0x330C740	250DEC97	bl #0x2e0fbd4	-
0x330C744	F60300AA	mov x22, x0	-
0x330C748	C00000B4	cbz x0, #0x330c760	-
0x330C74C	A80240F9	ldr x8, [x21]	-
0x330C750	E00316AA	mov x0, x22	-
0x330C754	012140F9	ldr x1, [x8, #0x40]	-
0x330C758	1E0DEC97	bl #0x2e0fbd0	-
0x330C75C	40F100B4	cbz x0, #0x330e584	-
0x330C760	A81A40B9	ldr w8, [x21, #0x18]	-
0x330C764	1F090071	cmp w8, #2	-
0x330C768	C9F00054	b.ls #0x330e580	-
0x330C76C	E00315AA	mov x0, x21	-
0x330C770	160C03F8	str x22, [x0, #0x30]!	-
0x330C774	E10316AA	mov x1, x22	-
0x330C778	A30CEC97	bl #0x2e0fa04	-
0x330C77C	000340F9	ldr x0, [x24]	-
0x330C780	A8008052	mov w8, #5	-
0x330C784	E1430591	add x1, sp, #0x150	-
0x330C788	E85301B9	str w8, [sp, #0x150]	-
0x330C78C	120DEC97	bl #0x2e0fbd4	-
0x330C790	F60300AA	mov x22, x0	-
0x330C794	C00000B4	cbz x0, #0x330c7ac	-
0x330C798	A80240F9	ldr x8, [x21]	-
0x330C79C	E00316AA	mov x0, x22	-
0x330C7A0	012140F9	ldr x1, [x8, #0x40]	-
0x330C7A4	0B0DEC97	bl #0x2e0fbd0	-
0x330C7A8	E0EE00B4	cbz x0, #0x330e584	-
0x330C7AC	A81A40B9	ldr w8, [x21, #0x18]	-
0x330C7B0	1F0D0071	cmp w8, #3	-
0x330C7B4	69EE0054	b.ls #0x330e580	-
0x330C7B8	E00315AA	mov x0, x21	-
0x330C7BC	168C03F8	str x22, [x0, #0x38]!	-
0x330C7C0	E10316AA	mov x1, x22	-
0x330C7C4	900CEC97	bl #0x2e0fa04	-
0x330C7C8	800340F9	ldr x0, [x28]	-
0x330C7CC	E10315AA	mov x1, x21	-
0x330C7D0	E2031FAA	mov x2, xzr	-
0x330C7D4	B8EF9794	bl #0x59086b4	-
0x330C7D8	480340F9	ldr x8, [x26]	-
0x330C7DC	F50300AA	mov x21, x0	-
0x330C7E0	A1008052	mov w1, #5	-
0x330C7E4	E00308AA	mov x0, x8	-
0x330C7E8	D50CEC97	bl #0x2e0fb3c	-
0x330C7EC	20ED00B4	cbz x0, #0x330e590	-
0x330C7F0	F60300AA	mov x22, x0	-
0x330C7F4	D40000B4	cbz x20, #0x330c80c	-
0x330C7F8	C80240F9	ldr x8, [x22]	-
0x330C7FC	E00314AA	mov x0, x20	-
0x330C800	012140F9	ldr x1, [x8, #0x40]	-
0x330C804	F30CEC97	bl #0x2e0fbd0	-
0x330C808	E0EB00B4	cbz x0, #0x330e584	-
0x330C80C	C81A40B9	ldr w8, [x22, #0x18]	-
0x330C810	88EB0034	cbz w8, #0x330e580	-
0x330C814	E00316AA	mov x0, x22	-
0x330C818	140C02F8	str x20, [x0, #0x20]!	-
0x330C81C	E10314AA	mov x1, x20	-
0x330C820	790CEC97	bl #0x2e0fa04	-
0x330C824	000340F9	ldr x0, [x24]	-
0x330C828	48008052	mov w8, #2	-
0x330C82C	E1330591	add x1, sp, #0x14c	-
0x330C830	E84F01B9	str w8, [sp, #0x14c]	-
0x330C834	E80CEC97	bl #0x2e0fbd4	-
0x330C838	F70300AA	mov x23, x0	-
0x330C83C	C00000B4	cbz x0, #0x330c854	-
0x330C840	C80240F9	ldr x8, [x22]	-
0x330C844	E00317AA	mov x0, x23	-
0x330C848	012140F9	ldr x1, [x8, #0x40]	-
0x330C84C	E10CEC97	bl #0x2e0fbd0	-
0x330C850	A0E900B4	cbz x0, #0x330e584	-
0x330C854	C81A40B9	ldr w8, [x22, #0x18]	-
0x330C858	1F050071	cmp w8, #1	-
0x330C85C	29E90054	b.ls #0x330e580	-
0x330C860	E00316AA	mov x0, x22	-
0x330C864	178C02F8	str x23, [x0, #0x28]!	-
0x330C868	E10317AA	mov x1, x23	-
0x330C86C	660CEC97	bl #0x2e0fa04	-
0x330C870	000340F9	ldr x0, [x24]	-
0x330C874	68008052	mov w8, #3	-
0x330C878	E1230591	add x1, sp, #0x148	-
0x330C87C	E84B01B9	str w8, [sp, #0x148]	-
0x330C880	D50CEC97	bl #0x2e0fbd4	-
0x330C884	F70300AA	mov x23, x0	-
0x330C888	C00000B4	cbz x0, #0x330c8a0	-
0x330C88C	C80240F9	ldr x8, [x22]	-
0x330C890	E00317AA	mov x0, x23	-
0x330C894	012140F9	ldr x1, [x8, #0x40]	-
0x330C898	CE0CEC97	bl #0x2e0fbd0	-
0x330C89C	40E700B4	cbz x0, #0x330e584	-
0x330C8A0	C81A40B9	ldr w8, [x22, #0x18]	-
0x330C8A4	1F090071	cmp w8, #2	-
0x330C8A8	C9E60054	b.ls #0x330e580	-
0x330C8AC	E00316AA	mov x0, x22	-
0x330C8B0	170C03F8	str x23, [x0, #0x30]!	-
0x330C8B4	E10317AA	mov x1, x23	-
0x330C8B8	530CEC97	bl #0x2e0fa04	-
0x330C8BC	000340F9	ldr x0, [x24]	-
0x330C8C0	88008052	mov w8, #4	-
0x330C8C4	E1130591	add x1, sp, #0x144	-
0x330C8C8	E84701B9	str w8, [sp, #0x144]	-
0x330C8CC	C20CEC97	bl #0x2e0fbd4	-
0x330C8D0	F70300AA	mov x23, x0	-
0x330C8D4	C00000B4	cbz x0, #0x330c8ec	-
0x330C8D8	C80240F9	ldr x8, [x22]	-
0x330C8DC	E00317AA	mov x0, x23	-
0x330C8E0	012140F9	ldr x1, [x8, #0x40]	-
0x330C8E4	BB0CEC97	bl #0x2e0fbd0	-
0x330C8E8	E0E400B4	cbz x0, #0x330e584	-
0x330C8EC	C81A40B9	ldr w8, [x22, #0x18]	-
0x330C8F0	1F0D0071	cmp w8, #3	-
0x330C8F4	69E40054	b.ls #0x330e580	-
0x330C8F8	E00316AA	mov x0, x22	-
0x330C8FC	178C03F8	str x23, [x0, #0x38]!	-
0x330C900	E10317AA	mov x1, x23	-
0x330C904	400CEC97	bl #0x2e0fa04	-
0x330C908	000340F9	ldr x0, [x24]	-
0x330C90C	A8008052	mov w8, #5	-
0x330C910	E1030591	add x1, sp, #0x140	-
0x330C914	E84301B9	str w8, [sp, #0x140]	-
0x330C918	AF0CEC97	bl #0x2e0fbd4	-
0x330C91C	F70300AA	mov x23, x0	-
0x330C920	C00000B4	cbz x0, #0x330c938	-
0x330C924	C80240F9	ldr x8, [x22]	-
0x330C928	E00317AA	mov x0, x23	-
0x330C92C	012140F9	ldr x1, [x8, #0x40]	-
0x330C930	A80CEC97	bl #0x2e0fbd0	-
0x330C934	80E200B4	cbz x0, #0x330e584	-
0x330C938	C81A40B9	ldr w8, [x22, #0x18]	-
0x330C93C	1F110071	cmp w8, #4	-
0x330C940	09E20054	b.ls #0x330e580	-
0x330C944	E00316AA	mov x0, x22	-
0x330C948	170C04F8	str x23, [x0, #0x40]!	-
0x330C94C	E10317AA	mov x1, x23	-
0x330C950	2D0CEC97	bl #0x2e0fa04	-
0x330C954	600340F9	ldr x0, [x27]	-
0x330C958	E10316AA	mov x1, x22	-
0x330C95C	E2031FAA	mov x2, xzr	-
0x330C960	55EF9794	bl #0x59086b4	-
0x330C964	230340F9	ldr x3, [x25]	-
0x330C968	E20300AA	mov x2, x0	-
0x330C96C	E00313AA	mov x0, x19	-
0x330C970	E10315AA	mov x1, x21	-
0x330C974	989D7894	bl #0x5133fd4	System.Collections.Generic.Dictionary<object, object>$$Add
0x330C978	400340F9	ldr x0, [x26]	-
0x330C97C	81008052	mov w1, #4	-
0x330C980	6F0CEC97	bl #0x2e0fb3c	-
0x330C984	F50300AA	mov x21, x0	-
0x330C988	000340F9	ldr x0, [x24]	-
0x330C98C	68008052	mov w8, #3	-
0x330C990	E1F30491	add x1, sp, #0x13c	-
0x330C994	E83F01B9	str w8, [sp, #0x13c]	-
0x330C998	8F0CEC97	bl #0x2e0fbd4	-
0x330C99C	B5DF00B4	cbz x21, #0x330e590	-
0x330C9A0	F60300AA	mov x22, x0	-
0x330C9A4	C00000B4	cbz x0, #0x330c9bc	-
0x330C9A8	A80240F9	ldr x8, [x21]	-
0x330C9AC	E00316AA	mov x0, x22	-
0x330C9B0	012140F9	ldr x1, [x8, #0x40]	-
0x330C9B4	870CEC97	bl #0x2e0fbd0	-
0x330C9B8	60DE00B4	cbz x0, #0x330e584	-
0x330C9BC	A81A40B9	ldr w8, [x21, #0x18]	-
0x330C9C0	08DE0034	cbz w8, #0x330e580	-
0x330C9C4	E00315AA	mov x0, x21	-
0x330C9C8	160C02F8	str x22, [x0, #0x20]!	-
0x330C9CC	E10316AA	mov x1, x22	-
0x330C9D0	0D0CEC97	bl #0x2e0fa04	-
0x330C9D4	000340F9	ldr x0, [x24]	-
0x330C9D8	88008052	mov w8, #4	-
0x330C9DC	E1E30491	add x1, sp, #0x138	-
0x330C9E0	E83B01B9	str w8, [sp, #0x138]	-
0x330C9E4	7C0CEC97	bl #0x2e0fbd4	-
0x330C9E8	F60300AA	mov x22, x0	-
0x330C9EC	C00000B4	cbz x0, #0x330ca04	-
0x330C9F0	A80240F9	ldr x8, [x21]	-
0x330C9F4	E00316AA	mov x0, x22	-
0x330C9F8	012140F9	ldr x1, [x8, #0x40]	-
0x330C9FC	750CEC97	bl #0x2e0fbd0	-
0x330CA00	20DC00B4	cbz x0, #0x330e584	-
0x330CA04	A81A40B9	ldr w8, [x21, #0x18]	-
0x330CA08	1F050071	cmp w8, #1	-
0x330CA0C	A9DB0054	b.ls #0x330e580	-
0x330CA10	E00315AA	mov x0, x21	-
0x330CA14	168C02F8	str x22, [x0, #0x28]!	-
0x330CA18	E10316AA	mov x1, x22	-
0x330CA1C	FA0BEC97	bl #0x2e0fa04	-
0x330CA20	000340F9	ldr x0, [x24]	-
0x330CA24	A8008052	mov w8, #5	-
0x330CA28	E1D30491	add x1, sp, #0x134	-
0x330CA2C	E83701B9	str w8, [sp, #0x134]	-
0x330CA30	690CEC97	bl #0x2e0fbd4	-
0x330CA34	F60300AA	mov x22, x0	-
0x330CA38	C00000B4	cbz x0, #0x330ca50	-
0x330CA3C	A80240F9	ldr x8, [x21]	-
0x330CA40	E00316AA	mov x0, x22	-
0x330CA44	012140F9	ldr x1, [x8, #0x40]	-
0x330CA48	620CEC97	bl #0x2e0fbd0	-
0x330CA4C	C0D900B4	cbz x0, #0x330e584	-
0x330CA50	A81A40B9	ldr w8, [x21, #0x18]	-
0x330CA54	1F090071	cmp w8, #2	-
0x330CA58	49D90054	b.ls #0x330e580	-
0x330CA5C	E00315AA	mov x0, x21	-
0x330CA60	160C03F8	str x22, [x0, #0x30]!	-
0x330CA64	E10316AA	mov x1, x22	-
0x330CA68	E70BEC97	bl #0x2e0fa04	-
0x330CA6C	000340F9	ldr x0, [x24]	-
0x330CA70	C8008052	mov w8, #6	-
0x330CA74	E1C30491	add x1, sp, #0x130	-
0x330CA78	E83301B9	str w8, [sp, #0x130]	-
0x330CA7C	560CEC97	bl #0x2e0fbd4	-
0x330CA80	F60300AA	mov x22, x0	-
0x330CA84	C00000B4	cbz x0, #0x330ca9c	-
0x330CA88	A80240F9	ldr x8, [x21]	-
0x330CA8C	E00316AA	mov x0, x22	-
0x330CA90	012140F9	ldr x1, [x8, #0x40]	-
0x330CA94	4F0CEC97	bl #0x2e0fbd0	-
0x330CA98	60D700B4	cbz x0, #0x330e584	-
0x330CA9C	A81A40B9	ldr w8, [x21, #0x18]	-
0x330CAA0	1F0D0071	cmp w8, #3	-
0x330CAA4	E9D60054	b.ls #0x330e580	-
0x330CAA8	E00315AA	mov x0, x21	-
0x330CAAC	168C03F8	str x22, [x0, #0x38]!	-
0x330CAB0	E10316AA	mov x1, x22	-
0x330CAB4	D40BEC97	bl #0x2e0fa04	-
0x330CAB8	800340F9	ldr x0, [x28]	-
0x330CABC	E10315AA	mov x1, x21	-
0x330CAC0	E2031FAA	mov x2, xzr	-
0x330CAC4	FCEE9794	bl #0x59086b4	-
0x330CAC8	480340F9	ldr x8, [x26]	-
0x330CACC	F50300AA	mov x21, x0	-
0x330CAD0	A1008052	mov w1, #5	-
0x330CAD4	E00308AA	mov x0, x8	-
0x330CAD8	190CEC97	bl #0x2e0fb3c	-
0x330CADC	A0D500B4	cbz x0, #0x330e590	-
0x330CAE0	F60300AA	mov x22, x0	-
0x330CAE4	D40000B4	cbz x20, #0x330cafc	-
0x330CAE8	C80240F9	ldr x8, [x22]	-
0x330CAEC	E00314AA	mov x0, x20	-
0x330CAF0	012140F9	ldr x1, [x8, #0x40]	-
0x330CAF4	370CEC97	bl #0x2e0fbd0	-
0x330CAF8	60D400B4	cbz x0, #0x330e584	-
0x330CAFC	C81A40B9	ldr w8, [x22, #0x18]	-
0x330CB00	08D40034	cbz w8, #0x330e580	-
0x330CB04	E00316AA	mov x0, x22	-
0x330CB08	140C02F8	str x20, [x0, #0x20]!	-
0x330CB0C	E10314AA	mov x1, x20	-
0x330CB10	BD0BEC97	bl #0x2e0fa04	-
0x330CB14	000340F9	ldr x0, [x24]	-
0x330CB18	68008052	mov w8, #3	-
0x330CB1C	E1B30491	add x1, sp, #0x12c	-
0x330CB20	E82F01B9	str w8, [sp, #0x12c]	-
0x330CB24	2C0CEC97	bl #0x2e0fbd4	-
0x330CB28	F70300AA	mov x23, x0	-
0x330CB2C	C00000B4	cbz x0, #0x330cb44	-
0x330CB30	C80240F9	ldr x8, [x22]	-
0x330CB34	E00317AA	mov x0, x23	-
0x330CB38	012140F9	ldr x1, [x8, #0x40]	-
0x330CB3C	250CEC97	bl #0x2e0fbd0	-
0x330CB40	20D200B4	cbz x0, #0x330e584	-
0x330CB44	C81A40B9	ldr w8, [x22, #0x18]	-
0x330CB48	1F050071	cmp w8, #1	-
0x330CB4C	A9D10054	b.ls #0x330e580	-
0x330CB50	E00316AA	mov x0, x22	-
0x330CB54	178C02F8	str x23, [x0, #0x28]!	-
0x330CB58	E10317AA	mov x1, x23	-
0x330CB5C	AA0BEC97	bl #0x2e0fa04	-
0x330CB60	000340F9	ldr x0, [x24]	-
0x330CB64	88008052	mov w8, #4	-
0x330CB68	E1A30491	add x1, sp, #0x128	-
0x330CB6C	E82B01B9	str w8, [sp, #0x128]	-
0x330CB70	190CEC97	bl #0x2e0fbd4	-
0x330CB74	F70300AA	mov x23, x0	-
0x330CB78	C00000B4	cbz x0, #0x330cb90	-
0x330CB7C	C80240F9	ldr x8, [x22]	-
0x330CB80	E00317AA	mov x0, x23	-
0x330CB84	012140F9	ldr x1, [x8, #0x40]	-
0x330CB88	120CEC97	bl #0x2e0fbd0	-
0x330CB8C	C0CF00B4	cbz x0, #0x330e584	-
0x330CB90	C81A40B9	ldr w8, [x22, #0x18]	-
0x330CB94	1F090071	cmp w8, #2	-
0x330CB98	49CF0054	b.ls #0x330e580	-
0x330CB9C	E00316AA	mov x0, x22	-
0x330CBA0	170C03F8	str x23, [x0, #0x30]!	-
0x330CBA4	E10317AA	mov x1, x23	-
0x330CBA8	970BEC97	bl #0x2e0fa04	-
0x330CBAC	000340F9	ldr x0, [x24]	-
0x330CBB0	A8008052	mov w8, #5	-
0x330CBB4	E1930491	add x1, sp, #0x124	-
0x330CBB8	E82701B9	str w8, [sp, #0x124]	-
0x330CBBC	060CEC97	bl #0x2e0fbd4	-
0x330CBC0	F70300AA	mov x23, x0	-
0x330CBC4	C00000B4	cbz x0, #0x330cbdc	-
0x330CBC8	C80240F9	ldr x8, [x22]	-
0x330CBCC	E00317AA	mov x0, x23	-
0x330CBD0	012140F9	ldr x1, [x8, #0x40]	-
0x330CBD4	FF0BEC97	bl #0x2e0fbd0	-
0x330CBD8	60CD00B4	cbz x0, #0x330e584	-
0x330CBDC	C81A40B9	ldr w8, [x22, #0x18]	-
0x330CBE0	1F0D0071	cmp w8, #3	-
0x330CBE4	E9CC0054	b.ls #0x330e580	-
0x330CBE8	E00316AA	mov x0, x22	-
0x330CBEC	178C03F8	str x23, [x0, #0x38]!	-
0x330CBF0	E10317AA	mov x1, x23	-
0x330CBF4	840BEC97	bl #0x2e0fa04	-
0x330CBF8	000340F9	ldr x0, [x24]	-
0x330CBFC	C8008052	mov w8, #6	-
0x330CC00	E1830491	add x1, sp, #0x120	-
0x330CC04	E82301B9	str w8, [sp, #0x120]	-
0x330CC08	F30BEC97	bl #0x2e0fbd4	-
0x330CC0C	F70300AA	mov x23, x0	-
0x330CC10	C00000B4	cbz x0, #0x330cc28	-
0x330CC14	C80240F9	ldr x8, [x22]	-
0x330CC18	E00317AA	mov x0, x23	-
0x330CC1C	012140F9	ldr x1, [x8, #0x40]	-
0x330CC20	EC0BEC97	bl #0x2e0fbd0	-
0x330CC24	00CB00B4	cbz x0, #0x330e584	-
0x330CC28	C81A40B9	ldr w8, [x22, #0x18]	-
0x330CC2C	1F110071	cmp w8, #4	-
0x330CC30	89CA0054	b.ls #0x330e580	-
0x330CC34	E00316AA	mov x0, x22	-
0x330CC38	170C04F8	str x23, [x0, #0x40]!	-
0x330CC3C	E10317AA	mov x1, x23	-
0x330CC40	710BEC97	bl #0x2e0fa04	-
0x330CC44	600340F9	ldr x0, [x27]	-
0x330CC48	E10316AA	mov x1, x22	-
0x330CC4C	E2031FAA	mov x2, xzr	-
0x330CC50	99EE9794	bl #0x59086b4	-
0x330CC54	230340F9	ldr x3, [x25]	-
0x330CC58	E20300AA	mov x2, x0	-
0x330CC5C	E00313AA	mov x0, x19	-
0x330CC60	E10315AA	mov x1, x21	-
0x330CC64	DC9C7894	bl #0x5133fd4	System.Collections.Generic.Dictionary<object, object>$$Add
0x330CC68	400340F9	ldr x0, [x26]	-
0x330CC6C	A1008052	mov w1, #5	-
0x330CC70	B30BEC97	bl #0x2e0fb3c	-
0x330CC74	F50300AA	mov x21, x0	-
0x330CC78	000340F9	ldr x0, [x24]	-
0x330CC7C	E1730491	add x1, sp, #0x11c	-
0x330CC80	FF1F01B9	str wzr, [sp, #0x11c]	-
0x330CC84	D40BEC97	bl #0x2e0fbd4	-
0x330CC88	55C800B4	cbz x21, #0x330e590	-
0x330CC8C	F60300AA	mov x22, x0	-
0x330CC90	C00000B4	cbz x0, #0x330cca8	-
0x330CC94	A80240F9	ldr x8, [x21]	-
0x330CC98	E00316AA	mov x0, x22	-
0x330CC9C	012140F9	ldr x1, [x8, #0x40]	-
0x330CCA0	CC0BEC97	bl #0x2e0fbd0	-
0x330CCA4	00C700B4	cbz x0, #0x330e584	-
0x330CCA8	A81A40B9	ldr w8, [x21, #0x18]	-
0x330CCAC	A8C60034	cbz w8, #0x330e580	-
0x330CCB0	E00315AA	mov x0, x21	-
0x330CCB4	160C02F8	str x22, [x0, #0x20]!	-
0x330CCB8	E10316AA	mov x1, x22	-
0x330CCBC	520BEC97	bl #0x2e0fa04	-
0x330CCC0	000340F9	ldr x0, [x24]	-
0x330CCC4	28008052	mov w8, #1	-
0x330CCC8	E1630491	add x1, sp, #0x118	-
0x330CCCC	E81B01B9	str w8, [sp, #0x118]	-
0x330CCD0	C10BEC97	bl #0x2e0fbd4	-
0x330CCD4	F60300AA	mov x22, x0	-
0x330CCD8	C00000B4	cbz x0, #0x330ccf0	-
0x330CCDC	A80240F9	ldr x8, [x21]	-
0x330CCE0	E00316AA	mov x0, x22	-
0x330CCE4	012140F9	ldr x1, [x8, #0x40]	-
0x330CCE8	BA0BEC97	bl #0x2e0fbd0	-
0x330CCEC	C0C400B4	cbz x0, #0x330e584	-
0x330CCF0	A81A40B9	ldr w8, [x21, #0x18]	-
0x330CCF4	1F050071	cmp w8, #1	-
0x330CCF8	49C40054	b.ls #0x330e580	-
0x330CCFC	E00315AA	mov x0, x21	-
0x330CD00	168C02F8	str x22, [x0, #0x28]!	-
0x330CD04	E10316AA	mov x1, x22	-
0x330CD08	3F0BEC97	bl #0x2e0fa04	-
0x330CD0C	000340F9	ldr x0, [x24]	-
0x330CD10	48008052	mov w8, #2	-
0x330CD14	E1530491	add x1, sp, #0x114	-
0x330CD18	E81701B9	str w8, [sp, #0x114]	-
0x330CD1C	AE0BEC97	bl #0x2e0fbd4	-
0x330CD20	F60300AA	mov x22, x0	-
0x330CD24	C00000B4	cbz x0, #0x330cd3c	-
0x330CD28	A80240F9	ldr x8, [x21]	-
0x330CD2C	E00316AA	mov x0, x22	-
0x330CD30	012140F9	ldr x1, [x8, #0x40]	-
0x330CD34	A70BEC97	bl #0x2e0fbd0	-
0x330CD38	60C200B4	cbz x0, #0x330e584	-
0x330CD3C	A81A40B9	ldr w8, [x21, #0x18]	-
0x330CD40	1F090071	cmp w8, #2	-
0x330CD44	E9C10054	b.ls #0x330e580	-
0x330CD48	E00315AA	mov x0, x21	-
0x330CD4C	160C03F8	str x22, [x0, #0x30]!	-
0x330CD50	E10316AA	mov x1, x22	-
0x330CD54	2C0BEC97	bl #0x2e0fa04	-
0x330CD58	000340F9	ldr x0, [x24]	-
0x330CD5C	68008052	mov w8, #3	-
0x330CD60	E1430491	add x1, sp, #0x110	-
0x330CD64	E81301B9	str w8, [sp, #0x110]	-
0x330CD68	9B0BEC97	bl #0x2e0fbd4	-
0x330CD6C	F60300AA	mov x22, x0	-
0x330CD70	C00000B4	cbz x0, #0x330cd88	-
0x330CD74	A80240F9	ldr x8, [x21]	-
0x330CD78	E00316AA	mov x0, x22	-
0x330CD7C	012140F9	ldr x1, [x8, #0x40]	-
0x330CD80	940BEC97	bl #0x2e0fbd0	-
0x330CD84	00C000B4	cbz x0, #0x330e584	-
0x330CD88	A81A40B9	ldr w8, [x21, #0x18]	-
0x330CD8C	1F0D0071	cmp w8, #3	-
0x330CD90	89BF0054	b.ls #0x330e580	-
0x330CD94	E00315AA	mov x0, x21	-
0x330CD98	168C03F8	str x22, [x0, #0x38]!	-
0x330CD9C	E10316AA	mov x1, x22	-
0x330CDA0	190BEC97	bl #0x2e0fa04	-
0x330CDA4	000340F9	ldr x0, [x24]	-
0x330CDA8	88008052	mov w8, #4	-
0x330CDAC	E1330491	add x1, sp, #0x10c	-
0x330CDB0	E80F01B9	str w8, [sp, #0x10c]	-
0x330CDB4	880BEC97	bl #0x2e0fbd4	-
0x330CDB8	F60300AA	mov x22, x0	-
0x330CDBC	C00000B4	cbz x0, #0x330cdd4	-
0x330CDC0	A80240F9	ldr x8, [x21]	-
0x330CDC4	E00316AA	mov x0, x22	-
0x330CDC8	012140F9	ldr x1, [x8, #0x40]	-
0x330CDCC	810BEC97	bl #0x2e0fbd0	-
0x330CDD0	A0BD00B4	cbz x0, #0x330e584	-
0x330CDD4	A81A40B9	ldr w8, [x21, #0x18]	-
0x330CDD8	1F110071	cmp w8, #4	-
0x330CDDC	29BD0054	b.ls #0x330e580	-
0x330CDE0	E00315AA	mov x0, x21	-
0x330CDE4	160C04F8	str x22, [x0, #0x40]!	-
0x330CDE8	E10316AA	mov x1, x22	-
0x330CDEC	060BEC97	bl #0x2e0fa04	-
0x330CDF0	600340F9	ldr x0, [x27]	-
0x330CDF4	E10315AA	mov x1, x21	-
0x330CDF8	E2031FAA	mov x2, xzr	-
0x330CDFC	2EEE9794	bl #0x59086b4	-
0x330CE00	480340F9	ldr x8, [x26]	-
0x330CE04	F50300AA	mov x21, x0	-
0x330CE08	C1008052	mov w1, #6	-
0x330CE0C	E00308AA	mov x0, x8	-
0x330CE10	4B0BEC97	bl #0x2e0fb3c	-
0x330CE14	E0BB00B4	cbz x0, #0x330e590	-
0x330CE18	F60300AA	mov x22, x0	-
0x330CE1C	D40000B4	cbz x20, #0x330ce34	-
0x330CE20	C80240F9	ldr x8, [x22]	-
0x330CE24	E00314AA	mov x0, x20	-
0x330CE28	012140F9	ldr x1, [x8, #0x40]	-
0x330CE2C	690BEC97	bl #0x2e0fbd0	-
0x330CE30	A0BA00B4	cbz x0, #0x330e584	-
0x330CE34	C81A40B9	ldr w8, [x22, #0x18]	-
0x330CE38	48BA0034	cbz w8, #0x330e580	-
0x330CE3C	E00316AA	mov x0, x22	-
0x330CE40	140C02F8	str x20, [x0, #0x20]!	-
0x330CE44	E10314AA	mov x1, x20	-
0x330CE48	EF0AEC97	bl #0x2e0fa04	-
0x330CE4C	000340F9	ldr x0, [x24]	-
0x330CE50	E1230491	add x1, sp, #0x108	-
0x330CE54	FF0B01B9	str wzr, [sp, #0x108]	-
0x330CE58	5F0BEC97	bl #0x2e0fbd4	-
0x330CE5C	F70300AA	mov x23, x0	-
0x330CE60	C00000B4	cbz x0, #0x330ce78	-
0x330CE64	C80240F9	ldr x8, [x22]	-
0x330CE68	E00317AA	mov x0, x23	-
0x330CE6C	012140F9	ldr x1, [x8, #0x40]	-
0x330CE70	580BEC97	bl #0x2e0fbd0	-
0x330CE74	80B800B4	cbz x0, #0x330e584	-
0x330CE78	C81A40B9	ldr w8, [x22, #0x18]	-
0x330CE7C	1F050071	cmp w8, #1	-
0x330CE80	09B80054	b.ls #0x330e580	-
0x330CE84	E00316AA	mov x0, x22	-
0x330CE88	178C02F8	str x23, [x0, #0x28]!	-
0x330CE8C	E10317AA	mov x1, x23	-
0x330CE90	DD0AEC97	bl #0x2e0fa04	-
0x330CE94	000340F9	ldr x0, [x24]	-
0x330CE98	28008052	mov w8, #1	-
0x330CE9C	E1130491	add x1, sp, #0x104	-
0x330CEA0	E80701B9	str w8, [sp, #0x104]	-
0x330CEA4	4C0BEC97	bl #0x2e0fbd4	-
0x330CEA8	F70300AA	mov x23, x0	-
0x330CEAC	C00000B4	cbz x0, #0x330cec4	-
0x330CEB0	C80240F9	ldr x8, [x22]	-
0x330CEB4	E00317AA	mov x0, x23	-
0x330CEB8	012140F9	ldr x1, [x8, #0x40]	-
0x330CEBC	450BEC97	bl #0x2e0fbd0	-
0x330CEC0	20B600B4	cbz x0, #0x330e584	-
0x330CEC4	C81A40B9	ldr w8, [x22, #0x18]	-
0x330CEC8	1F090071	cmp w8, #2	-
0x330CECC	A9B50054	b.ls #0x330e580	-
0x330CED0	E00316AA	mov x0, x22	-
0x330CED4	170C03F8	str x23, [x0, #0x30]!	-
0x330CED8	E10317AA	mov x1, x23	-
0x330CEDC	CA0AEC97	bl #0x2e0fa04	-
0x330CEE0	000340F9	ldr x0, [x24]	-
0x330CEE4	48008052	mov w8, #2	-
0x330CEE8	E1030491	add x1, sp, #0x100	-
0x330CEEC	E80301B9	str w8, [sp, #0x100]	-
0x330CEF0	390BEC97	bl #0x2e0fbd4	-
0x330CEF4	F70300AA	mov x23, x0	-
0x330CEF8	C00000B4	cbz x0, #0x330cf10	-
0x330CEFC	C80240F9	ldr x8, [x22]	-
0x330CF00	E00317AA	mov x0, x23	-
0x330CF04	012140F9	ldr x1, [x8, #0x40]	-
0x330CF08	320BEC97	bl #0x2e0fbd0	-
0x330CF0C	C0B300B4	cbz x0, #0x330e584	-
0x330CF10	C81A40B9	ldr w8, [x22, #0x18]	-
0x330CF14	1F0D0071	cmp w8, #3	-
0x330CF18	49B30054	b.ls #0x330e580	-
0x330CF1C	E00316AA	mov x0, x22	-
0x330CF20	178C03F8	str x23, [x0, #0x38]!	-
0x330CF24	E10317AA	mov x1, x23	-
0x330CF28	B70AEC97	bl #0x2e0fa04	-
0x330CF2C	000340F9	ldr x0, [x24]	-
0x330CF30	68008052	mov w8, #3	-
0x330CF34	E1F30391	add x1, sp, #0xfc	-
0x330CF38	E8FF00B9	str w8, [sp, #0xfc]	-
0x330CF3C	260BEC97	bl #0x2e0fbd4	-
0x330CF40	F70300AA	mov x23, x0	-
0x330CF44	C00000B4	cbz x0, #0x330cf5c	-
0x330CF48	C80240F9	ldr x8, [x22]	-
0x330CF4C	E00317AA	mov x0, x23	-
0x330CF50	012140F9	ldr x1, [x8, #0x40]	-
0x330CF54	1F0BEC97	bl #0x2e0fbd0	-
0x330CF58	60B100B4	cbz x0, #0x330e584	-
0x330CF5C	C81A40B9	ldr w8, [x22, #0x18]	-
0x330CF60	1F110071	cmp w8, #4	-
0x330CF64	E9B00054	b.ls #0x330e580	-
0x330CF68	E00316AA	mov x0, x22	-
0x330CF6C	170C04F8	str x23, [x0, #0x40]!	-
0x330CF70	E10317AA	mov x1, x23	-
0x330CF74	A40AEC97	bl #0x2e0fa04	-
0x330CF78	000340F9	ldr x0, [x24]	-
0x330CF7C	88008052	mov w8, #4	-
0x330CF80	E1E30391	add x1, sp, #0xf8	-
0x330CF84	E8FB00B9	str w8, [sp, #0xf8]	-
0x330CF88	130BEC97	bl #0x2e0fbd4	-
0x330CF8C	F70300AA	mov x23, x0	-
0x330CF90	C00000B4	cbz x0, #0x330cfa8	-
0x330CF94	C80240F9	ldr x8, [x22]	-
0x330CF98	E00317AA	mov x0, x23	-
0x330CF9C	012140F9	ldr x1, [x8, #0x40]	-
0x330CFA0	0C0BEC97	bl #0x2e0fbd0	-
0x330CFA4	00AF00B4	cbz x0, #0x330e584	-
0x330CFA8	C81A40B9	ldr w8, [x22, #0x18]	-
0x330CFAC	1F150071	cmp w8, #5	-
0x330CFB0	89AE0054	b.ls #0x330e580	-
0x330CFB4	E00316AA	mov x0, x22	-
0x330CFB8	178C04F8	str x23, [x0, #0x48]!	-
0x330CFBC	E10317AA	mov x1, x23	-
0x330CFC0	910AEC97	bl #0x2e0fa04	-
0x330CFC4	9CCC01D0	adrp x28, #0x6c9e000	-
0x330CFC8	9CE745F9	ldr x28, [x28, #0xbc8]	-
0x330CFCC	E10316AA	mov x1, x22	-
0x330CFD0	E2031FAA	mov x2, xzr	-
0x330CFD4	800340F9	ldr x0, [x28]	-
0x330CFD8	B7ED9794	bl #0x59086b4	-
0x330CFDC	230340F9	ldr x3, [x25]	-
0x330CFE0	E20300AA	mov x2, x0	-
0x330CFE4	E00313AA	mov x0, x19	-
0x330CFE8	E10315AA	mov x1, x21	-
0x330CFEC	FA9B7894	bl #0x5133fd4	System.Collections.Generic.Dictionary<object, object>$$Add
0x330CFF0	400340F9	ldr x0, [x26]	-
0x330CFF4	A1008052	mov w1, #5	-
0x330CFF8	D10AEC97	bl #0x2e0fb3c	-
0x330CFFC	F50300AA	mov x21, x0	-
0x330D000	000340F9	ldr x0, [x24]	-
0x330D004	28008052	mov w8, #1	-
0x330D008	E1D30391	add x1, sp, #0xf4	-
0x330D00C	E8F700B9	str w8, [sp, #0xf4]	-
0x330D010	F10AEC97	bl #0x2e0fbd4	-
0x330D014	F5AB00B4	cbz x21, #0x330e590	-
0x330D018	F60300AA	mov x22, x0	-
0x330D01C	C00000B4	cbz x0, #0x330d034	-
0x330D020	A80240F9	ldr x8, [x21]	-
0x330D024	E00316AA	mov x0, x22	-
0x330D028	012140F9	ldr x1, [x8, #0x40]	-
0x330D02C	E90AEC97	bl #0x2e0fbd0	-
0x330D030	A0AA00B4	cbz x0, #0x330e584	-
0x330D034	A81A40B9	ldr w8, [x21, #0x18]	-
0x330D038	48AA0034	cbz w8, #0x330e580	-
0x330D03C	E00315AA	mov x0, x21	-
0x330D040	160C02F8	str x22, [x0, #0x20]!	-
0x330D044	E10316AA	mov x1, x22	-
0x330D048	6F0AEC97	bl #0x2e0fa04	-
0x330D04C	000340F9	ldr x0, [x24]	-
0x330D050	48008052	mov w8, #2	-
0x330D054	E1C30391	add x1, sp, #0xf0	-
0x330D058	E8F300B9	str w8, [sp, #0xf0]	-
0x330D05C	DE0AEC97	bl #0x2e0fbd4	-
0x330D060	F60300AA	mov x22, x0	-
0x330D064	C00000B4	cbz x0, #0x330d07c	-
0x330D068	A80240F9	ldr x8, [x21]	-
0x330D06C	E00316AA	mov x0, x22	-
0x330D070	012140F9	ldr x1, [x8, #0x40]	-
0x330D074	D70AEC97	bl #0x2e0fbd0	-
0x330D078	60A800B4	cbz x0, #0x330e584	-
0x330D07C	A81A40B9	ldr w8, [x21, #0x18]	-
0x330D080	1F050071	cmp w8, #1	-
0x330D084	E9A70054	b.ls #0x330e580	-
0x330D088	E00315AA	mov x0, x21	-
0x330D08C	168C02F8	str x22, [x0, #0x28]!	-
0x330D090	E10316AA	mov x1, x22	-
0x330D094	5C0AEC97	bl #0x2e0fa04	-
0x330D098	000340F9	ldr x0, [x24]	-
0x330D09C	68008052	mov w8, #3	-
0x330D0A0	E1B30391	add x1, sp, #0xec	-
0x330D0A4	E8EF00B9	str w8, [sp, #0xec]	-
0x330D0A8	CB0AEC97	bl #0x2e0fbd4	-
0x330D0AC	F60300AA	mov x22, x0	-
0x330D0B0	C00000B4	cbz x0, #0x330d0c8	-
0x330D0B4	A80240F9	ldr x8, [x21]	-
0x330D0B8	E00316AA	mov x0, x22	-
0x330D0BC	012140F9	ldr x1, [x8, #0x40]	-
0x330D0C0	C40AEC97	bl #0x2e0fbd0	-
0x330D0C4	00A600B4	cbz x0, #0x330e584	-
0x330D0C8	A81A40B9	ldr w8, [x21, #0x18]	-
0x330D0CC	1F090071	cmp w8, #2	-
0x330D0D0	89A50054	b.ls #0x330e580	-
0x330D0D4	E00315AA	mov x0, x21	-
0x330D0D8	160C03F8	str x22, [x0, #0x30]!	-
0x330D0DC	E10316AA	mov x1, x22	-
0x330D0E0	490AEC97	bl #0x2e0fa04	-
0x330D0E4	000340F9	ldr x0, [x24]	-
0x330D0E8	88008052	mov w8, #4	-
0x330D0EC	E1A30391	add x1, sp, #0xe8	-
0x330D0F0	E8EB00B9	str w8, [sp, #0xe8]	-
0x330D0F4	B80AEC97	bl #0x2e0fbd4	-
0x330D0F8	F60300AA	mov x22, x0	-
0x330D0FC	C00000B4	cbz x0, #0x330d114	-
0x330D100	A80240F9	ldr x8, [x21]	-
0x330D104	E00316AA	mov x0, x22	-
0x330D108	012140F9	ldr x1, [x8, #0x40]	-
0x330D10C	B10AEC97	bl #0x2e0fbd0	-
0x330D110	A0A300B4	cbz x0, #0x330e584	-
0x330D114	A81A40B9	ldr w8, [x21, #0x18]	-
0x330D118	1F0D0071	cmp w8, #3	-
0x330D11C	29A30054	b.ls #0x330e580	-
0x330D120	E00315AA	mov x0, x21	-
0x330D124	168C03F8	str x22, [x0, #0x38]!	-
0x330D128	E10316AA	mov x1, x22	-
0x330D12C	360AEC97	bl #0x2e0fa04	-
0x330D130	000340F9	ldr x0, [x24]	-
0x330D134	A8008052	mov w8, #5	-
0x330D138	E1930391	add x1, sp, #0xe4	-
0x330D13C	E8E700B9	str w8, [sp, #0xe4]	-
0x330D140	A50AEC97	bl #0x2e0fbd4	-
0x330D144	F60300AA	mov x22, x0	-
0x330D148	C00000B4	cbz x0, #0x330d160	-
0x330D14C	A80240F9	ldr x8, [x21]	-
0x330D150	E00316AA	mov x0, x22	-
0x330D154	012140F9	ldr x1, [x8, #0x40]	-
0x330D158	9E0AEC97	bl #0x2e0fbd0	-
0x330D15C	40A100B4	cbz x0, #0x330e584	-
0x330D160	A81A40B9	ldr w8, [x21, #0x18]	-
0x330D164	1F110071	cmp w8, #4	-
0x330D168	C9A00054	b.ls #0x330e580	-
0x330D16C	E00315AA	mov x0, x21	-
0x330D170	160C04F8	str x22, [x0, #0x40]!	-
0x330D174	E10316AA	mov x1, x22	-
0x330D178	230AEC97	bl #0x2e0fa04	-
0x330D17C	600340F9	ldr x0, [x27]	-
0x330D180	E10315AA	mov x1, x21	-
0x330D184	E2031FAA	mov x2, xzr	-
0x330D188	4BED9794	bl #0x59086b4	-
0x330D18C	480340F9	ldr x8, [x26]	-
0x330D190	F50300AA	mov x21, x0	-
0x330D194	C1008052	mov w1, #6	-
0x330D198	E00308AA	mov x0, x8	-
0x330D19C	680AEC97	bl #0x2e0fb3c	-
0x330D1A0	809F00B4	cbz x0, #0x330e590	-
0x330D1A4	F60300AA	mov x22, x0	-
0x330D1A8	D40000B4	cbz x20, #0x330d1c0	-
0x330D1AC	C80240F9	ldr x8, [x22]	-
0x330D1B0	E00314AA	mov x0, x20	-
0x330D1B4	012140F9	ldr x1, [x8, #0x40]	-
0x330D1B8	860AEC97	bl #0x2e0fbd0	-
0x330D1BC	409E00B4	cbz x0, #0x330e584	-
0x330D1C0	C81A40B9	ldr w8, [x22, #0x18]	-
0x330D1C4	E89D0034	cbz w8, #0x330e580	-
0x330D1C8	E00316AA	mov x0, x22	-
0x330D1CC	140C02F8	str x20, [x0, #0x20]!	-
0x330D1D0	E10314AA	mov x1, x20	-
0x330D1D4	0C0AEC97	bl #0x2e0fa04	-
0x330D1D8	000340F9	ldr x0, [x24]	-
0x330D1DC	28008052	mov w8, #1	-
0x330D1E0	E1830391	add x1, sp, #0xe0	-
0x330D1E4	E8E300B9	str w8, [sp, #0xe0]	-
0x330D1E8	7B0AEC97	bl #0x2e0fbd4	-
0x330D1EC	F70300AA	mov x23, x0	-
0x330D1F0	C00000B4	cbz x0, #0x330d208	-
0x330D1F4	C80240F9	ldr x8, [x22]	-
0x330D1F8	E00317AA	mov x0, x23	-
0x330D1FC	012140F9	ldr x1, [x8, #0x40]	-
0x330D200	740AEC97	bl #0x2e0fbd0	-
0x330D204	009C00B4	cbz x0, #0x330e584	-
0x330D208	C81A40B9	ldr w8, [x22, #0x18]	-
0x330D20C	1F050071	cmp w8, #1	-
0x330D210	899B0054	b.ls #0x330e580	-
0x330D214	E00316AA	mov x0, x22	-
0x330D218	178C02F8	str x23, [x0, #0x28]!	-
0x330D21C	E10317AA	mov x1, x23	-
0x330D220	F909EC97	bl #0x2e0fa04	-
0x330D224	000340F9	ldr x0, [x24]	-
0x330D228	48008052	mov w8, #2	-
0x330D22C	E1730391	add x1, sp, #0xdc	-
0x330D230	E8DF00B9	str w8, [sp, #0xdc]	-
0x330D234	680AEC97	bl #0x2e0fbd4	-
0x330D238	F70300AA	mov x23, x0	-
0x330D23C	C00000B4	cbz x0, #0x330d254	-
0x330D240	C80240F9	ldr x8, [x22]	-
0x330D244	E00317AA	mov x0, x23	-
0x330D248	012140F9	ldr x1, [x8, #0x40]	-
0x330D24C	610AEC97	bl #0x2e0fbd0	-
0x330D250	A09900B4	cbz x0, #0x330e584	-
0x330D254	C81A40B9	ldr w8, [x22, #0x18]	-
0x330D258	1F090071	cmp w8, #2	-
0x330D25C	29990054	b.ls #0x330e580	-
0x330D260	E00316AA	mov x0, x22	-
0x330D264	170C03F8	str x23, [x0, #0x30]!	-
0x330D268	E10317AA	mov x1, x23	-
0x330D26C	E609EC97	bl #0x2e0fa04	-
0x330D270	000340F9	ldr x0, [x24]	-
0x330D274	68008052	mov w8, #3	-
0x330D278	E1630391	add x1, sp, #0xd8	-
0x330D27C	E8DB00B9	str w8, [sp, #0xd8]	-
0x330D280	550AEC97	bl #0x2e0fbd4	-
0x330D284	F70300AA	mov x23, x0	-
0x330D288	C00000B4	cbz x0, #0x330d2a0	-
0x330D28C	C80240F9	ldr x8, [x22]	-
0x330D290	E00317AA	mov x0, x23	-
0x330D294	012140F9	ldr x1, [x8, #0x40]	-
0x330D298	4E0AEC97	bl #0x2e0fbd0	-
0x330D29C	409700B4	cbz x0, #0x330e584	-
0x330D2A0	C81A40B9	ldr w8, [x22, #0x18]	-
0x330D2A4	1F0D0071	cmp w8, #3	-
0x330D2A8	C9960054	b.ls #0x330e580	-
0x330D2AC	E00316AA	mov x0, x22	-
0x330D2B0	178C03F8	str x23, [x0, #0x38]!	-
0x330D2B4	E10317AA	mov x1, x23	-
0x330D2B8	D309EC97	bl #0x2e0fa04	-
0x330D2BC	000340F9	ldr x0, [x24]	-
0x330D2C0	88008052	mov w8, #4	-
0x330D2C4	E1530391	add x1, sp, #0xd4	-
0x330D2C8	E8D700B9	str w8, [sp, #0xd4]	-
0x330D2CC	420AEC97	bl #0x2e0fbd4	-
0x330D2D0	F70300AA	mov x23, x0	-
0x330D2D4	C00000B4	cbz x0, #0x330d2ec	-
0x330D2D8	C80240F9	ldr x8, [x22]	-
0x330D2DC	E00317AA	mov x0, x23	-
0x330D2E0	012140F9	ldr x1, [x8, #0x40]	-
0x330D2E4	3B0AEC97	bl #0x2e0fbd0	-
0x330D2E8	E09400B4	cbz x0, #0x330e584	-
0x330D2EC	C81A40B9	ldr w8, [x22, #0x18]	-
0x330D2F0	1F110071	cmp w8, #4	-
0x330D2F4	69940054	b.ls #0x330e580	-
0x330D2F8	E00316AA	mov x0, x22	-
0x330D2FC	170C04F8	str x23, [x0, #0x40]!	-
0x330D300	E10317AA	mov x1, x23	-
0x330D304	C009EC97	bl #0x2e0fa04	-
0x330D308	000340F9	ldr x0, [x24]	-
0x330D30C	A8008052	mov w8, #5	-
0x330D310	E1430391	add x1, sp, #0xd0	-
0x330D314	E8D300B9	str w8, [sp, #0xd0]	-
0x330D318	2F0AEC97	bl #0x2e0fbd4	-
0x330D31C	F70300AA	mov x23, x0	-
0x330D320	C00000B4	cbz x0, #0x330d338	-
0x330D324	C80240F9	ldr x8, [x22]	-
0x330D328	E00317AA	mov x0, x23	-
0x330D32C	012140F9	ldr x1, [x8, #0x40]	-
0x330D330	280AEC97	bl #0x2e0fbd0	-
0x330D334	809200B4	cbz x0, #0x330e584	-
0x330D338	C81A40B9	ldr w8, [x22, #0x18]	-
0x330D33C	1F150071	cmp w8, #5	-
0x330D340	09920054	b.ls #0x330e580	-
0x330D344	E00316AA	mov x0, x22	-
0x330D348	178C04F8	str x23, [x0, #0x48]!	-
0x330D34C	E10317AA	mov x1, x23	-
0x330D350	AD09EC97	bl #0x2e0fa04	-
0x330D354	800340F9	ldr x0, [x28]	-
0x330D358	E10316AA	mov x1, x22	-
0x330D35C	E2031FAA	mov x2, xzr	-
0x330D360	D5EC9794	bl #0x59086b4	-
0x330D364	230340F9	ldr x3, [x25]	-
0x330D368	E20300AA	mov x2, x0	-
0x330D36C	E00313AA	mov x0, x19	-
0x330D370	E10315AA	mov x1, x21	-
0x330D374	189B7894	bl #0x5133fd4	System.Collections.Generic.Dictionary<object, object>$$Add
0x330D378	400340F9	ldr x0, [x26]	-
0x330D37C	A1008052	mov w1, #5	-
0x330D380	EF09EC97	bl #0x2e0fb3c	-
0x330D384	F50300AA	mov x21, x0	-
0x330D388	000340F9	ldr x0, [x24]	-
0x330D38C	48008052	mov w8, #2	-
0x330D390	E1330391	add x1, sp, #0xcc	-
0x330D394	E8CF00B9	str w8, [sp, #0xcc]	-
0x330D398	0F0AEC97	bl #0x2e0fbd4	-
0x330D39C	B58F00B4	cbz x21, #0x330e590	-
0x330D3A0	F60300AA	mov x22, x0	-
0x330D3A4	C00000B4	cbz x0, #0x330d3bc	-
0x330D3A8	A80240F9	ldr x8, [x21]	-
0x330D3AC	E00316AA	mov x0, x22	-
0x330D3B0	012140F9	ldr x1, [x8, #0x40]	-
0x330D3B4	070AEC97	bl #0x2e0fbd0	-
0x330D3B8	608E00B4	cbz x0, #0x330e584	-
0x330D3BC	A81A40B9	ldr w8, [x21, #0x18]	-
0x330D3C0	088E0034	cbz w8, #0x330e580	-
0x330D3C4	E00315AA	mov x0, x21	-
0x330D3C8	160C02F8	str x22, [x0, #0x20]!	-
0x330D3CC	E10316AA	mov x1, x22	-
0x330D3D0	8D09EC97	bl #0x2e0fa04	-
0x330D3D4	000340F9	ldr x0, [x24]	-
0x330D3D8	68008052	mov w8, #3	-
0x330D3DC	E1230391	add x1, sp, #0xc8	-
0x330D3E0	E8CB00B9	str w8, [sp, #0xc8]	-
0x330D3E4	FC09EC97	bl #0x2e0fbd4	-
0x330D3E8	F60300AA	mov x22, x0	-
0x330D3EC	C00000B4	cbz x0, #0x330d404	-
0x330D3F0	A80240F9	ldr x8, [x21]	-
0x330D3F4	E00316AA	mov x0, x22	-
0x330D3F8	012140F9	ldr x1, [x8, #0x40]	-
0x330D3FC	F509EC97	bl #0x2e0fbd0	-
0x330D400	208C00B4	cbz x0, #0x330e584	-
0x330D404	A81A40B9	ldr w8, [x21, #0x18]	-
0x330D408	1F050071	cmp w8, #1	-
0x330D40C	A98B0054	b.ls #0x330e580	-
0x330D410	E00315AA	mov x0, x21	-
0x330D414	168C02F8	str x22, [x0, #0x28]!	-
0x330D418	E10316AA	mov x1, x22	-
0x330D41C	7A09EC97	bl #0x2e0fa04	-
0x330D420	000340F9	ldr x0, [x24]	-
0x330D424	88008052	mov w8, #4	-
0x330D428	E1130391	add x1, sp, #0xc4	-
0x330D42C	E8C700B9	str w8, [sp, #0xc4]	-
0x330D430	E909EC97	bl #0x2e0fbd4	-
0x330D434	F60300AA	mov x22, x0	-
0x330D438	C00000B4	cbz x0, #0x330d450	-
0x330D43C	A80240F9	ldr x8, [x21]	-
0x330D440	E00316AA	mov x0, x22	-
0x330D444	012140F9	ldr x1, [x8, #0x40]	-
0x330D448	E209EC97	bl #0x2e0fbd0	-
0x330D44C	C08900B4	cbz x0, #0x330e584	-
0x330D450	A81A40B9	ldr w8, [x21, #0x18]	-
0x330D454	1F090071	cmp w8, #2	-
0x330D458	49890054	b.ls #0x330e580	-
0x330D45C	E00315AA	mov x0, x21	-
0x330D460	160C03F8	str x22, [x0, #0x30]!	-
0x330D464	E10316AA	mov x1, x22	-
0x330D468	6709EC97	bl #0x2e0fa04	-
0x330D46C	000340F9	ldr x0, [x24]	-
0x330D470	A8008052	mov w8, #5	-
0x330D474	E1030391	add x1, sp, #0xc0	-
0x330D478	E8C300B9	str w8, [sp, #0xc0]	-
0x330D47C	D609EC97	bl #0x2e0fbd4	-
0x330D480	F60300AA	mov x22, x0	-
0x330D484	C00000B4	cbz x0, #0x330d49c	-
0x330D488	A80240F9	ldr x8, [x21]	-
0x330D48C	E00316AA	mov x0, x22	-
0x330D490	012140F9	ldr x1, [x8, #0x40]	-
0x330D494	CF09EC97	bl #0x2e0fbd0	-
0x330D498	608700B4	cbz x0, #0x330e584	-
0x330D49C	A81A40B9	ldr w8, [x21, #0x18]	-
0x330D4A0	1F0D0071	cmp w8, #3	-
0x330D4A4	E9860054	b.ls #0x330e580	-
0x330D4A8	E00315AA	mov x0, x21	-
0x330D4AC	168C03F8	str x22, [x0, #0x38]!	-
0x330D4B0	E10316AA	mov x1, x22	-
0x330D4B4	5409EC97	bl #0x2e0fa04	-
0x330D4B8	000340F9	ldr x0, [x24]	-
0x330D4BC	C8008052	mov w8, #6	-
0x330D4C0	E1F30291	add x1, sp, #0xbc	-
0x330D4C4	E8BF00B9	str w8, [sp, #0xbc]	-
0x330D4C8	C309EC97	bl #0x2e0fbd4	-
0x330D4CC	F60300AA	mov x22, x0	-
0x330D4D0	C00000B4	cbz x0, #0x330d4e8	-
0x330D4D4	A80240F9	ldr x8, [x21]	-
0x330D4D8	E00316AA	mov x0, x22	-
0x330D4DC	012140F9	ldr x1, [x8, #0x40]	-
0x330D4E0	BC09EC97	bl #0x2e0fbd0	-
0x330D4E4	008500B4	cbz x0, #0x330e584	-
0x330D4E8	A81A40B9	ldr w8, [x21, #0x18]	-
0x330D4EC	1F110071	cmp w8, #4	-
0x330D4F0	89840054	b.ls #0x330e580	-
0x330D4F4	E00315AA	mov x0, x21	-
0x330D4F8	160C04F8	str x22, [x0, #0x40]!	-
0x330D4FC	E10316AA	mov x1, x22	-
0x330D500	4109EC97	bl #0x2e0fa04	-
0x330D504	600340F9	ldr x0, [x27]	-
0x330D508	E10315AA	mov x1, x21	-
0x330D50C	E2031FAA	mov x2, xzr	-
0x330D510	69EC9794	bl #0x59086b4	-
0x330D514	480340F9	ldr x8, [x26]	-
0x330D518	F50300AA	mov x21, x0	-
0x330D51C	C1008052	mov w1, #6	-
0x330D520	E00308AA	mov x0, x8	-
0x330D524	8609EC97	bl #0x2e0fb3c	-
0x330D528	408300B4	cbz x0, #0x330e590	-
0x330D52C	F60300AA	mov x22, x0	-
0x330D530	D40000B4	cbz x20, #0x330d548	-
0x330D534	C80240F9	ldr x8, [x22]	-
0x330D538	E00314AA	mov x0, x20	-
0x330D53C	012140F9	ldr x1, [x8, #0x40]	-
0x330D540	A409EC97	bl #0x2e0fbd0	-
0x330D544	008200B4	cbz x0, #0x330e584	-
0x330D548	C81A40B9	ldr w8, [x22, #0x18]	-
0x330D54C	A8810034	cbz w8, #0x330e580	-
0x330D550	E00316AA	mov x0, x22	-
0x330D554	140C02F8	str x20, [x0, #0x20]!	-
0x330D558	E10314AA	mov x1, x20	-
0x330D55C	2A09EC97	bl #0x2e0fa04	-
0x330D560	000340F9	ldr x0, [x24]	-
0x330D564	48008052	mov w8, #2	-
0x330D568	E1E30291	add x1, sp, #0xb8	-
0x330D56C	E8BB00B9	str w8, [sp, #0xb8]	-
0x330D570	9909EC97	bl #0x2e0fbd4	-
0x330D574	F70300AA	mov x23, x0	-
0x330D578	C00000B4	cbz x0, #0x330d590	-
0x330D57C	C80240F9	ldr x8, [x22]	-
0x330D580	E00317AA	mov x0, x23	-
0x330D584	012140F9	ldr x1, [x8, #0x40]	-
0x330D588	9209EC97	bl #0x2e0fbd0	-
0x330D58C	C07F00B4	cbz x0, #0x330e584	-
0x330D590	C81A40B9	ldr w8, [x22, #0x18]	-
0x330D594	1F050071	cmp w8, #1	-
0x330D598	497F0054	b.ls #0x330e580	-
0x330D59C	E00316AA	mov x0, x22	-
0x330D5A0	178C02F8	str x23, [x0, #0x28]!	-
0x330D5A4	E10317AA	mov x1, x23	-
0x330D5A8	1709EC97	bl #0x2e0fa04	-
0x330D5AC	000340F9	ldr x0, [x24]	-
0x330D5B0	68008052	mov w8, #3	-
0x330D5B4	E1D30291	add x1, sp, #0xb4	-
0x330D5B8	E8B700B9	str w8, [sp, #0xb4]	-
0x330D5BC	8609EC97	bl #0x2e0fbd4	-
0x330D5C0	F70300AA	mov x23, x0	-
0x330D5C4	C00000B4	cbz x0, #0x330d5dc	-
0x330D5C8	C80240F9	ldr x8, [x22]	-
0x330D5CC	E00317AA	mov x0, x23	-
0x330D5D0	012140F9	ldr x1, [x8, #0x40]	-
0x330D5D4	7F09EC97	bl #0x2e0fbd0	-
0x330D5D8	607D00B4	cbz x0, #0x330e584	-
0x330D5DC	C81A40B9	ldr w8, [x22, #0x18]	-
0x330D5E0	1F090071	cmp w8, #2	-
0x330D5E4	E97C0054	b.ls #0x330e580	-
0x330D5E8	E00316AA	mov x0, x22	-
0x330D5EC	170C03F8	str x23, [x0, #0x30]!	-
0x330D5F0	E10317AA	mov x1, x23	-
0x330D5F4	0409EC97	bl #0x2e0fa04	-
0x330D5F8	000340F9	ldr x0, [x24]	-
0x330D5FC	88008052	mov w8, #4	-
0x330D600	E1C30291	add x1, sp, #0xb0	-
0x330D604	E8B300B9	str w8, [sp, #0xb0]	-
0x330D608	7309EC97	bl #0x2e0fbd4	-
0x330D60C	F70300AA	mov x23, x0	-
0x330D610	C00000B4	cbz x0, #0x330d628	-
0x330D614	C80240F9	ldr x8, [x22]	-
0x330D618	E00317AA	mov x0, x23	-
0x330D61C	012140F9	ldr x1, [x8, #0x40]	-
0x330D620	6C09EC97	bl #0x2e0fbd0	-
0x330D624	007B00B4	cbz x0, #0x330e584	-
0x330D628	C81A40B9	ldr w8, [x22, #0x18]	-
0x330D62C	1F0D0071	cmp w8, #3	-
0x330D630	897A0054	b.ls #0x330e580	-
0x330D634	E00316AA	mov x0, x22	-
0x330D638	178C03F8	str x23, [x0, #0x38]!	-
0x330D63C	E10317AA	mov x1, x23	-
0x330D640	F108EC97	bl #0x2e0fa04	-
0x330D644	000340F9	ldr x0, [x24]	-
0x330D648	A8008052	mov w8, #5	-
0x330D64C	E1B30291	add x1, sp, #0xac	-
0x330D650	E8AF00B9	str w8, [sp, #0xac]	-
0x330D654	6009EC97	bl #0x2e0fbd4	-
0x330D658	F70300AA	mov x23, x0	-
0x330D65C	C00000B4	cbz x0, #0x330d674	-
0x330D660	C80240F9	ldr x8, [x22]	-
0x330D664	E00317AA	mov x0, x23	-
0x330D668	012140F9	ldr x1, [x8, #0x40]	-
0x330D66C	5909EC97	bl #0x2e0fbd0	-
0x330D670	A07800B4	cbz x0, #0x330e584	-
0x330D674	C81A40B9	ldr w8, [x22, #0x18]	-
0x330D678	1F110071	cmp w8, #4	-
0x330D67C	29780054	b.ls #0x330e580	-
0x330D680	E00316AA	mov x0, x22	-
0x330D684	170C04F8	str x23, [x0, #0x40]!	-
0x330D688	E10317AA	mov x1, x23	-
0x330D68C	DE08EC97	bl #0x2e0fa04	-
0x330D690	000340F9	ldr x0, [x24]	-
0x330D694	C8008052	mov w8, #6	-
0x330D698	E1A30291	add x1, sp, #0xa8	-
0x330D69C	E8AB00B9	str w8, [sp, #0xa8]	-
0x330D6A0	4D09EC97	bl #0x2e0fbd4	-
0x330D6A4	F70300AA	mov x23, x0	-
0x330D6A8	C00000B4	cbz x0, #0x330d6c0	-
0x330D6AC	C80240F9	ldr x8, [x22]	-
0x330D6B0	E00317AA	mov x0, x23	-
0x330D6B4	012140F9	ldr x1, [x8, #0x40]	-
0x330D6B8	4609EC97	bl #0x2e0fbd0	-
0x330D6BC	407600B4	cbz x0, #0x330e584	-
0x330D6C0	C81A40B9	ldr w8, [x22, #0x18]	-
0x330D6C4	1F150071	cmp w8, #5	-
0x330D6C8	C9750054	b.ls #0x330e580	-
0x330D6CC	E00316AA	mov x0, x22	-
0x330D6D0	178C04F8	str x23, [x0, #0x48]!	-
0x330D6D4	E10317AA	mov x1, x23	-
0x330D6D8	CB08EC97	bl #0x2e0fa04	-
0x330D6DC	800340F9	ldr x0, [x28]	-
0x330D6E0	E10316AA	mov x1, x22	-
0x330D6E4	E2031FAA	mov x2, xzr	-
0x330D6E8	F3EB9794	bl #0x59086b4	-
0x330D6EC	230340F9	ldr x3, [x25]	-
0x330D6F0	E20300AA	mov x2, x0	-
0x330D6F4	E00313AA	mov x0, x19	-
0x330D6F8	E10315AA	mov x1, x21	-
0x330D6FC	369A7894	bl #0x5133fd4	System.Collections.Generic.Dictionary<object, object>$$Add
0x330D700	400340F9	ldr x0, [x26]	-
0x330D704	C1008052	mov w1, #6	-
0x330D708	0D09EC97	bl #0x2e0fb3c	-
0x330D70C	F50300AA	mov x21, x0	-
0x330D710	000340F9	ldr x0, [x24]	-
0x330D714	E1930291	add x1, sp, #0xa4	-
0x330D718	FFA700B9	str wzr, [sp, #0xa4]	-
0x330D71C	2E09EC97	bl #0x2e0fbd4	-
0x330D720	957300B4	cbz x21, #0x330e590	-
0x330D724	F60300AA	mov x22, x0	-
0x330D728	C00000B4	cbz x0, #0x330d740	-
0x330D72C	A80240F9	ldr x8, [x21]	-
0x330D730	E00316AA	mov x0, x22	-
0x330D734	012140F9	ldr x1, [x8, #0x40]	-
0x330D738	2609EC97	bl #0x2e0fbd0	-
0x330D73C	407200B4	cbz x0, #0x330e584	-
0x330D740	A81A40B9	ldr w8, [x21, #0x18]	-
0x330D744	E8710034	cbz w8, #0x330e580	-
0x330D748	E00315AA	mov x0, x21	-
0x330D74C	160C02F8	str x22, [x0, #0x20]!	-
0x330D750	E10316AA	mov x1, x22	-
0x330D754	AC08EC97	bl #0x2e0fa04	-
0x330D758	000340F9	ldr x0, [x24]	-
0x330D75C	28008052	mov w8, #1	-
0x330D760	E1830291	add x1, sp, #0xa0	-
0x330D764	E8A300B9	str w8, [sp, #0xa0]	-
0x330D768	1B09EC97	bl #0x2e0fbd4	-
0x330D76C	F60300AA	mov x22, x0	-
0x330D770	C00000B4	cbz x0, #0x330d788	-
0x330D774	A80240F9	ldr x8, [x21]	-
0x330D778	E00316AA	mov x0, x22	-
0x330D77C	012140F9	ldr x1, [x8, #0x40]	-
0x330D780	1409EC97	bl #0x2e0fbd0	-
0x330D784	007000B4	cbz x0, #0x330e584	-
0x330D788	A81A40B9	ldr w8, [x21, #0x18]	-
0x330D78C	1F050071	cmp w8, #1	-
0x330D790	896F0054	b.ls #0x330e580	-
0x330D794	E00315AA	mov x0, x21	-
0x330D798	168C02F8	str x22, [x0, #0x28]!	-
0x330D79C	E10316AA	mov x1, x22	-
0x330D7A0	9908EC97	bl #0x2e0fa04	-
0x330D7A4	000340F9	ldr x0, [x24]	-
0x330D7A8	48008052	mov w8, #2	-
0x330D7AC	E1730291	add x1, sp, #0x9c	-
0x330D7B0	E89F00B9	str w8, [sp, #0x9c]	-
0x330D7B4	0809EC97	bl #0x2e0fbd4	-
0x330D7B8	F60300AA	mov x22, x0	-
0x330D7BC	C00000B4	cbz x0, #0x330d7d4	-
0x330D7C0	A80240F9	ldr x8, [x21]	-
0x330D7C4	E00316AA	mov x0, x22	-
0x330D7C8	012140F9	ldr x1, [x8, #0x40]	-
0x330D7CC	0109EC97	bl #0x2e0fbd0	-
0x330D7D0	A06D00B4	cbz x0, #0x330e584	-
0x330D7D4	A81A40B9	ldr w8, [x21, #0x18]	-
0x330D7D8	1F090071	cmp w8, #2	-
0x330D7DC	296D0054	b.ls #0x330e580	-
0x330D7E0	E00315AA	mov x0, x21	-
0x330D7E4	160C03F8	str x22, [x0, #0x30]!	-
0x330D7E8	E10316AA	mov x1, x22	-
0x330D7EC	8608EC97	bl #0x2e0fa04	-
0x330D7F0	000340F9	ldr x0, [x24]	-
0x330D7F4	68008052	mov w8, #3	-
0x330D7F8	E1630291	add x1, sp, #0x98	-
0x330D7FC	E89B00B9	str w8, [sp, #0x98]	-
0x330D800	F508EC97	bl #0x2e0fbd4	-
0x330D804	F60300AA	mov x22, x0	-
0x330D808	C00000B4	cbz x0, #0x330d820	-
0x330D80C	A80240F9	ldr x8, [x21]	-
0x330D810	E00316AA	mov x0, x22	-
0x330D814	012140F9	ldr x1, [x8, #0x40]	-
0x330D818	EE08EC97	bl #0x2e0fbd0	-
0x330D81C	406B00B4	cbz x0, #0x330e584	-
0x330D820	A81A40B9	ldr w8, [x21, #0x18]	-
0x330D824	1F0D0071	cmp w8, #3	-
0x330D828	C96A0054	b.ls #0x330e580	-
0x330D82C	E00315AA	mov x0, x21	-
0x330D830	168C03F8	str x22, [x0, #0x38]!	-
0x330D834	E10316AA	mov x1, x22	-
0x330D838	7308EC97	bl #0x2e0fa04	-
0x330D83C	000340F9	ldr x0, [x24]	-
0x330D840	88008052	mov w8, #4	-
0x330D844	E1530291	add x1, sp, #0x94	-
0x330D848	E89700B9	str w8, [sp, #0x94]	-
0x330D84C	E208EC97	bl #0x2e0fbd4	-
0x330D850	F60300AA	mov x22, x0	-
0x330D854	C00000B4	cbz x0, #0x330d86c	-
0x330D858	A80240F9	ldr x8, [x21]	-
0x330D85C	E00316AA	mov x0, x22	-
0x330D860	012140F9	ldr x1, [x8, #0x40]	-
0x330D864	DB08EC97	bl #0x2e0fbd0	-
0x330D868	E06800B4	cbz x0, #0x330e584	-
0x330D86C	A81A40B9	ldr w8, [x21, #0x18]	-
0x330D870	1F110071	cmp w8, #4	-
0x330D874	69680054	b.ls #0x330e580	-
0x330D878	E00315AA	mov x0, x21	-
0x330D87C	160C04F8	str x22, [x0, #0x40]!	-
0x330D880	E10316AA	mov x1, x22	-
0x330D884	6008EC97	bl #0x2e0fa04	-
0x330D888	000340F9	ldr x0, [x24]	-
0x330D88C	A8008052	mov w8, #5	-
0x330D890	E1430291	add x1, sp, #0x90	-
0x330D894	E89300B9	str w8, [sp, #0x90]	-
0x330D898	CF08EC97	bl #0x2e0fbd4	-
0x330D89C	F60300AA	mov x22, x0	-
0x330D8A0	C00000B4	cbz x0, #0x330d8b8	-
0x330D8A4	A80240F9	ldr x8, [x21]	-
0x330D8A8	E00316AA	mov x0, x22	-
0x330D8AC	012140F9	ldr x1, [x8, #0x40]	-
0x330D8B0	C808EC97	bl #0x2e0fbd0	-
0x330D8B4	806600B4	cbz x0, #0x330e584	-
0x330D8B8	A81A40B9	ldr w8, [x21, #0x18]	-
0x330D8BC	1F150071	cmp w8, #5	-
0x330D8C0	09660054	b.ls #0x330e580	-
0x330D8C4	E00315AA	mov x0, x21	-
0x330D8C8	168C04F8	str x22, [x0, #0x48]!	-
0x330D8CC	E10316AA	mov x1, x22	-
0x330D8D0	4D08EC97	bl #0x2e0fa04	-
0x330D8D4	800340F9	ldr x0, [x28]	-
0x330D8D8	E10315AA	mov x1, x21	-
0x330D8DC	E2031FAA	mov x2, xzr	-
0x330D8E0	75EB9794	bl #0x59086b4	-
0x330D8E4	480340F9	ldr x8, [x26]	-
0x330D8E8	F50300AA	mov x21, x0	-
0x330D8EC	E1008052	mov w1, #7	-
0x330D8F0	E00308AA	mov x0, x8	-
0x330D8F4	9208EC97	bl #0x2e0fb3c	-
0x330D8F8	C06400B4	cbz x0, #0x330e590	-
0x330D8FC	F60300AA	mov x22, x0	-
0x330D900	D40000B4	cbz x20, #0x330d918	-
0x330D904	C80240F9	ldr x8, [x22]	-
0x330D908	E00314AA	mov x0, x20	-
0x330D90C	012140F9	ldr x1, [x8, #0x40]	-
0x330D910	B008EC97	bl #0x2e0fbd0	-
0x330D914	806300B4	cbz x0, #0x330e584	-
0x330D918	C81A40B9	ldr w8, [x22, #0x18]	-
0x330D91C	28630034	cbz w8, #0x330e580	-
0x330D920	E00316AA	mov x0, x22	-
0x330D924	140C02F8	str x20, [x0, #0x20]!	-
0x330D928	E10314AA	mov x1, x20	-
0x330D92C	3608EC97	bl #0x2e0fa04	-
0x330D930	000340F9	ldr x0, [x24]	-
0x330D934	E1330291	add x1, sp, #0x8c	-
0x330D938	FF8F00B9	str wzr, [sp, #0x8c]	-
0x330D93C	A608EC97	bl #0x2e0fbd4	-
0x330D940	F70300AA	mov x23, x0	-
0x330D944	C00000B4	cbz x0, #0x330d95c	-
0x330D948	C80240F9	ldr x8, [x22]	-
0x330D94C	E00317AA	mov x0, x23	-
0x330D950	012140F9	ldr x1, [x8, #0x40]	-
0x330D954	9F08EC97	bl #0x2e0fbd0	-
0x330D958	606100B4	cbz x0, #0x330e584	-
0x330D95C	C81A40B9	ldr w8, [x22, #0x18]	-
0x330D960	1F050071	cmp w8, #1	-
0x330D964	E9600054	b.ls #0x330e580	-
0x330D968	E00316AA	mov x0, x22	-
0x330D96C	178C02F8	str x23, [x0, #0x28]!	-
0x330D970	E10317AA	mov x1, x23	-
0x330D974	2408EC97	bl #0x2e0fa04	-
0x330D978	000340F9	ldr x0, [x24]	-
0x330D97C	28008052	mov w8, #1	-
0x330D980	E1230291	add x1, sp, #0x88	-
0x330D984	E88B00B9	str w8, [sp, #0x88]	-
0x330D988	9308EC97	bl #0x2e0fbd4	-
0x330D98C	F70300AA	mov x23, x0	-
0x330D990	C00000B4	cbz x0, #0x330d9a8	-
0x330D994	C80240F9	ldr x8, [x22]	-
0x330D998	E00317AA	mov x0, x23	-
0x330D99C	012140F9	ldr x1, [x8, #0x40]	-
0x330D9A0	8C08EC97	bl #0x2e0fbd0	-
0x330D9A4	005F00B4	cbz x0, #0x330e584	-
0x330D9A8	C81A40B9	ldr w8, [x22, #0x18]	-
0x330D9AC	1F090071	cmp w8, #2	-
0x330D9B0	895E0054	b.ls #0x330e580	-
0x330D9B4	E00316AA	mov x0, x22	-
0x330D9B8	170C03F8	str x23, [x0, #0x30]!	-
0x330D9BC	E10317AA	mov x1, x23	-
0x330D9C0	1108EC97	bl #0x2e0fa04	-
0x330D9C4	000340F9	ldr x0, [x24]	-
0x330D9C8	48008052	mov w8, #2	-
0x330D9CC	E1130291	add x1, sp, #0x84	-
0x330D9D0	E88700B9	str w8, [sp, #0x84]	-
0x330D9D4	8008EC97	bl #0x2e0fbd4	-
0x330D9D8	F70300AA	mov x23, x0	-
0x330D9DC	C00000B4	cbz x0, #0x330d9f4	-
0x330D9E0	C80240F9	ldr x8, [x22]	-
0x330D9E4	E00317AA	mov x0, x23	-
0x330D9E8	012140F9	ldr x1, [x8, #0x40]	-
0x330D9EC	7908EC97	bl #0x2e0fbd0	-
0x330D9F0	A05C00B4	cbz x0, #0x330e584	-
0x330D9F4	C81A40B9	ldr w8, [x22, #0x18]	-
0x330D9F8	1F0D0071	cmp w8, #3	-
0x330D9FC	295C0054	b.ls #0x330e580	-
0x330DA00	E00316AA	mov x0, x22	-
0x330DA04	178C03F8	str x23, [x0, #0x38]!	-
0x330DA08	E10317AA	mov x1, x23	-
0x330DA0C	FE07EC97	bl #0x2e0fa04	-
0x330DA10	000340F9	ldr x0, [x24]	-
0x330DA14	68008052	mov w8, #3	-
0x330DA18	E1030291	add x1, sp, #0x80	-
0x330DA1C	E88300B9	str w8, [sp, #0x80]	-
0x330DA20	6D08EC97	bl #0x2e0fbd4	-
0x330DA24	F70300AA	mov x23, x0	-
0x330DA28	C00000B4	cbz x0, #0x330da40	-
0x330DA2C	C80240F9	ldr x8, [x22]	-
0x330DA30	E00317AA	mov x0, x23	-
0x330DA34	012140F9	ldr x1, [x8, #0x40]	-
0x330DA38	6608EC97	bl #0x2e0fbd0	-
0x330DA3C	405A00B4	cbz x0, #0x330e584	-
0x330DA40	C81A40B9	ldr w8, [x22, #0x18]	-
0x330DA44	1F110071	cmp w8, #4	-
0x330DA48	C9590054	b.ls #0x330e580	-
0x330DA4C	E00316AA	mov x0, x22	-
0x330DA50	170C04F8	str x23, [x0, #0x40]!	-
0x330DA54	E10317AA	mov x1, x23	-
0x330DA58	EB07EC97	bl #0x2e0fa04	-
0x330DA5C	000340F9	ldr x0, [x24]	-
0x330DA60	88008052	mov w8, #4	-
0x330DA64	E1F30191	add x1, sp, #0x7c	-
0x330DA68	E87F00B9	str w8, [sp, #0x7c]	-
0x330DA6C	5A08EC97	bl #0x2e0fbd4	-
0x330DA70	F70300AA	mov x23, x0	-
0x330DA74	C00000B4	cbz x0, #0x330da8c	-
0x330DA78	C80240F9	ldr x8, [x22]	-
0x330DA7C	E00317AA	mov x0, x23	-
0x330DA80	012140F9	ldr x1, [x8, #0x40]	-
0x330DA84	5308EC97	bl #0x2e0fbd0	-
0x330DA88	E05700B4	cbz x0, #0x330e584	-
0x330DA8C	C81A40B9	ldr w8, [x22, #0x18]	-
0x330DA90	1F150071	cmp w8, #5	-
0x330DA94	69570054	b.ls #0x330e580	-
0x330DA98	E00316AA	mov x0, x22	-
0x330DA9C	178C04F8	str x23, [x0, #0x48]!	-
0x330DAA0	E10317AA	mov x1, x23	-
0x330DAA4	D807EC97	bl #0x2e0fa04	-
0x330DAA8	000340F9	ldr x0, [x24]	-
0x330DAAC	A8008052	mov w8, #5	-
0x330DAB0	E1E30191	add x1, sp, #0x78	-
0x330DAB4	E87B00B9	str w8, [sp, #0x78]	-
0x330DAB8	4708EC97	bl #0x2e0fbd4	-
0x330DABC	F70300AA	mov x23, x0	-
0x330DAC0	C00000B4	cbz x0, #0x330dad8	-
0x330DAC4	C80240F9	ldr x8, [x22]	-
0x330DAC8	E00317AA	mov x0, x23	-
0x330DACC	012140F9	ldr x1, [x8, #0x40]	-
0x330DAD0	4008EC97	bl #0x2e0fbd0	-
0x330DAD4	805500B4	cbz x0, #0x330e584	-
0x330DAD8	C81A40B9	ldr w8, [x22, #0x18]	-
0x330DADC	1F190071	cmp w8, #6	-
0x330DAE0	09550054	b.ls #0x330e580	-
0x330DAE4	E00316AA	mov x0, x22	-
0x330DAE8	170C05F8	str x23, [x0, #0x50]!	-
0x330DAEC	E10317AA	mov x1, x23	-
0x330DAF0	C507EC97	bl #0x2e0fa04	-
0x330DAF4	9BCC01B0	adrp x27, #0x6c9e000	-
0x330DAF8	7BEF45F9	ldr x27, [x27, #0xbd8]	-
0x330DAFC	E10316AA	mov x1, x22	-
0x330DB00	E2031FAA	mov x2, xzr	-
0x330DB04	600340F9	ldr x0, [x27]	-
0x330DB08	EBEA9794	bl #0x59086b4	-
0x330DB0C	230340F9	ldr x3, [x25]	-
0x330DB10	E20300AA	mov x2, x0	-
0x330DB14	E00313AA	mov x0, x19	-
0x330DB18	E10315AA	mov x1, x21	-
0x330DB1C	2E997894	bl #0x5133fd4	System.Collections.Generic.Dictionary<object, object>$$Add
0x330DB20	400340F9	ldr x0, [x26]	-
0x330DB24	C1008052	mov w1, #6	-
0x330DB28	0508EC97	bl #0x2e0fb3c	-
0x330DB2C	F50300AA	mov x21, x0	-
0x330DB30	000340F9	ldr x0, [x24]	-
0x330DB34	28008052	mov w8, #1	-
0x330DB38	E1D30191	add x1, sp, #0x74	-
0x330DB3C	E87700B9	str w8, [sp, #0x74]	-
0x330DB40	2508EC97	bl #0x2e0fbd4	-
0x330DB44	755200B4	cbz x21, #0x330e590	-
0x330DB48	F60300AA	mov x22, x0	-
0x330DB4C	C00000B4	cbz x0, #0x330db64	-
0x330DB50	A80240F9	ldr x8, [x21]	-
0x330DB54	E00316AA	mov x0, x22	-
0x330DB58	012140F9	ldr x1, [x8, #0x40]	-
0x330DB5C	1D08EC97	bl #0x2e0fbd0	-
0x330DB60	205100B4	cbz x0, #0x330e584	-
0x330DB64	A81A40B9	ldr w8, [x21, #0x18]	-
0x330DB68	C8500034	cbz w8, #0x330e580	-
0x330DB6C	E00315AA	mov x0, x21	-
0x330DB70	160C02F8	str x22, [x0, #0x20]!	-
0x330DB74	E10316AA	mov x1, x22	-
0x330DB78	A307EC97	bl #0x2e0fa04	-
0x330DB7C	000340F9	ldr x0, [x24]	-
0x330DB80	48008052	mov w8, #2	-
0x330DB84	E1C30191	add x1, sp, #0x70	-
0x330DB88	E87300B9	str w8, [sp, #0x70]	-
0x330DB8C	1208EC97	bl #0x2e0fbd4	-
0x330DB90	F60300AA	mov x22, x0	-
0x330DB94	C00000B4	cbz x0, #0x330dbac	-
0x330DB98	A80240F9	ldr x8, [x21]	-
0x330DB9C	E00316AA	mov x0, x22	-
0x330DBA0	012140F9	ldr x1, [x8, #0x40]	-
0x330DBA4	0B08EC97	bl #0x2e0fbd0	-
0x330DBA8	E04E00B4	cbz x0, #0x330e584	-
0x330DBAC	A81A40B9	ldr w8, [x21, #0x18]	-
0x330DBB0	1F050071	cmp w8, #1	-
0x330DBB4	694E0054	b.ls #0x330e580	-
0x330DBB8	E00315AA	mov x0, x21	-
0x330DBBC	168C02F8	str x22, [x0, #0x28]!	-
0x330DBC0	E10316AA	mov x1, x22	-
0x330DBC4	9007EC97	bl #0x2e0fa04	-
0x330DBC8	000340F9	ldr x0, [x24]	-
0x330DBCC	68008052	mov w8, #3	-
0x330DBD0	E1B30191	add x1, sp, #0x6c	-
0x330DBD4	E86F00B9	str w8, [sp, #0x6c]	-
0x330DBD8	FF07EC97	bl #0x2e0fbd4	-
0x330DBDC	F60300AA	mov x22, x0	-
0x330DBE0	C00000B4	cbz x0, #0x330dbf8	-
0x330DBE4	A80240F9	ldr x8, [x21]	-
0x330DBE8	E00316AA	mov x0, x22	-
0x330DBEC	012140F9	ldr x1, [x8, #0x40]	-
0x330DBF0	F807EC97	bl #0x2e0fbd0	-
0x330DBF4	804C00B4	cbz x0, #0x330e584	-
0x330DBF8	A81A40B9	ldr w8, [x21, #0x18]	-
0x330DBFC	1F090071	cmp w8, #2	-
0x330DC00	094C0054	b.ls #0x330e580	-
0x330DC04	E00315AA	mov x0, x21	-
0x330DC08	160C03F8	str x22, [x0, #0x30]!	-
0x330DC0C	E10316AA	mov x1, x22	-
0x330DC10	7D07EC97	bl #0x2e0fa04	-
0x330DC14	000340F9	ldr x0, [x24]	-
0x330DC18	88008052	mov w8, #4	-
0x330DC1C	E1A30191	add x1, sp, #0x68	-
0x330DC20	E86B00B9	str w8, [sp, #0x68]	-
0x330DC24	EC07EC97	bl #0x2e0fbd4	-
0x330DC28	F60300AA	mov x22, x0	-
0x330DC2C	C00000B4	cbz x0, #0x330dc44	-
0x330DC30	A80240F9	ldr x8, [x21]	-
0x330DC34	E00316AA	mov x0, x22	-
0x330DC38	012140F9	ldr x1, [x8, #0x40]	-
0x330DC3C	E507EC97	bl #0x2e0fbd0	-
0x330DC40	204A00B4	cbz x0, #0x330e584	-
0x330DC44	A81A40B9	ldr w8, [x21, #0x18]	-
0x330DC48	1F0D0071	cmp w8, #3	-
0x330DC4C	A9490054	b.ls #0x330e580	-
0x330DC50	E00315AA	mov x0, x21	-
0x330DC54	168C03F8	str x22, [x0, #0x38]!	-
0x330DC58	E10316AA	mov x1, x22	-
0x330DC5C	6A07EC97	bl #0x2e0fa04	-
0x330DC60	000340F9	ldr x0, [x24]	-
0x330DC64	A8008052	mov w8, #5	-
0x330DC68	E1930191	add x1, sp, #0x64	-
0x330DC6C	E86700B9	str w8, [sp, #0x64]	-
0x330DC70	D907EC97	bl #0x2e0fbd4	-
0x330DC74	F60300AA	mov x22, x0	-
0x330DC78	C00000B4	cbz x0, #0x330dc90	-
0x330DC7C	A80240F9	ldr x8, [x21]	-
0x330DC80	E00316AA	mov x0, x22	-
0x330DC84	012140F9	ldr x1, [x8, #0x40]	-
0x330DC88	D207EC97	bl #0x2e0fbd0	-
0x330DC8C	C04700B4	cbz x0, #0x330e584	-
0x330DC90	A81A40B9	ldr w8, [x21, #0x18]	-
0x330DC94	1F110071	cmp w8, #4	-
0x330DC98	49470054	b.ls #0x330e580	-
0x330DC9C	E00315AA	mov x0, x21	-
0x330DCA0	160C04F8	str x22, [x0, #0x40]!	-
0x330DCA4	E10316AA	mov x1, x22	-
0x330DCA8	5707EC97	bl #0x2e0fa04	-
0x330DCAC	000340F9	ldr x0, [x24]	-
0x330DCB0	C8008052	mov w8, #6	-
0x330DCB4	E1830191	add x1, sp, #0x60	-
0x330DCB8	E86300B9	str w8, [sp, #0x60]	-
0x330DCBC	C607EC97	bl #0x2e0fbd4	-
0x330DCC0	F60300AA	mov x22, x0	-
0x330DCC4	C00000B4	cbz x0, #0x330dcdc	-
0x330DCC8	A80240F9	ldr x8, [x21]	-
0x330DCCC	E00316AA	mov x0, x22	-
0x330DCD0	012140F9	ldr x1, [x8, #0x40]	-
0x330DCD4	BF07EC97	bl #0x2e0fbd0	-
0x330DCD8	604500B4	cbz x0, #0x330e584	-
0x330DCDC	A81A40B9	ldr w8, [x21, #0x18]	-
0x330DCE0	1F150071	cmp w8, #5	-
0x330DCE4	E9440054	b.ls #0x330e580	-
0x330DCE8	E00315AA	mov x0, x21	-
0x330DCEC	168C04F8	str x22, [x0, #0x48]!	-
0x330DCF0	E10316AA	mov x1, x22	-
0x330DCF4	4407EC97	bl #0x2e0fa04	-
0x330DCF8	800340F9	ldr x0, [x28]	-
0x330DCFC	E10315AA	mov x1, x21	-
0x330DD00	E2031FAA	mov x2, xzr	-
0x330DD04	6CEA9794	bl #0x59086b4	-
0x330DD08	480340F9	ldr x8, [x26]	-
0x330DD0C	F50300AA	mov x21, x0	-
0x330DD10	E1008052	mov w1, #7	-
0x330DD14	E00308AA	mov x0, x8	-
0x330DD18	8907EC97	bl #0x2e0fb3c	-
0x330DD1C	A04300B4	cbz x0, #0x330e590	-
0x330DD20	F60300AA	mov x22, x0	-
0x330DD24	D40000B4	cbz x20, #0x330dd3c	-
0x330DD28	C80240F9	ldr x8, [x22]	-
0x330DD2C	E00314AA	mov x0, x20	-
0x330DD30	012140F9	ldr x1, [x8, #0x40]	-
0x330DD34	A707EC97	bl #0x2e0fbd0	-
0x330DD38	604200B4	cbz x0, #0x330e584	-
0x330DD3C	C81A40B9	ldr w8, [x22, #0x18]	-
0x330DD40	08420034	cbz w8, #0x330e580	-
0x330DD44	E00316AA	mov x0, x22	-
0x330DD48	140C02F8	str x20, [x0, #0x20]!	-
0x330DD4C	E10314AA	mov x1, x20	-
0x330DD50	2D07EC97	bl #0x2e0fa04	-
0x330DD54	000340F9	ldr x0, [x24]	-
0x330DD58	28008052	mov w8, #1	-
0x330DD5C	E1730191	add x1, sp, #0x5c	-
0x330DD60	E85F00B9	str w8, [sp, #0x5c]	-
0x330DD64	9C07EC97	bl #0x2e0fbd4	-
0x330DD68	F70300AA	mov x23, x0	-
0x330DD6C	C00000B4	cbz x0, #0x330dd84	-
0x330DD70	C80240F9	ldr x8, [x22]	-
0x330DD74	E00317AA	mov x0, x23	-
0x330DD78	012140F9	ldr x1, [x8, #0x40]	-
0x330DD7C	9507EC97	bl #0x2e0fbd0	-
0x330DD80	204000B4	cbz x0, #0x330e584	-
0x330DD84	C81A40B9	ldr w8, [x22, #0x18]	-
0x330DD88	1F050071	cmp w8, #1	-
0x330DD8C	A93F0054	b.ls #0x330e580	-
0x330DD90	E00316AA	mov x0, x22	-
0x330DD94	178C02F8	str x23, [x0, #0x28]!	-
0x330DD98	E10317AA	mov x1, x23	-
0x330DD9C	1A07EC97	bl #0x2e0fa04	-
0x330DDA0	000340F9	ldr x0, [x24]	-
0x330DDA4	48008052	mov w8, #2	-
0x330DDA8	E1630191	add x1, sp, #0x58	-
0x330DDAC	E85B00B9	str w8, [sp, #0x58]	-
0x330DDB0	8907EC97	bl #0x2e0fbd4	-
0x330DDB4	F70300AA	mov x23, x0	-
0x330DDB8	C00000B4	cbz x0, #0x330ddd0	-
0x330DDBC	C80240F9	ldr x8, [x22]	-
0x330DDC0	E00317AA	mov x0, x23	-
0x330DDC4	012140F9	ldr x1, [x8, #0x40]	-
0x330DDC8	8207EC97	bl #0x2e0fbd0	-
0x330DDCC	C03D00B4	cbz x0, #0x330e584	-
0x330DDD0	C81A40B9	ldr w8, [x22, #0x18]	-
0x330DDD4	1F090071	cmp w8, #2	-
0x330DDD8	493D0054	b.ls #0x330e580	-
0x330DDDC	E00316AA	mov x0, x22	-
0x330DDE0	170C03F8	str x23, [x0, #0x30]!	-
0x330DDE4	E10317AA	mov x1, x23	-
0x330DDE8	0707EC97	bl #0x2e0fa04	-
0x330DDEC	000340F9	ldr x0, [x24]	-
0x330DDF0	68008052	mov w8, #3	-
0x330DDF4	E1530191	add x1, sp, #0x54	-
0x330DDF8	E85700B9	str w8, [sp, #0x54]	-
0x330DDFC	7607EC97	bl #0x2e0fbd4	-
0x330DE00	F70300AA	mov x23, x0	-
0x330DE04	C00000B4	cbz x0, #0x330de1c	-
0x330DE08	C80240F9	ldr x8, [x22]	-
0x330DE0C	E00317AA	mov x0, x23	-
0x330DE10	012140F9	ldr x1, [x8, #0x40]	-
0x330DE14	6F07EC97	bl #0x2e0fbd0	-
0x330DE18	603B00B4	cbz x0, #0x330e584	-
0x330DE1C	C81A40B9	ldr w8, [x22, #0x18]	-
0x330DE20	1F0D0071	cmp w8, #3	-
0x330DE24	E93A0054	b.ls #0x330e580	-
0x330DE28	E00316AA	mov x0, x22	-
0x330DE2C	178C03F8	str x23, [x0, #0x38]!	-
0x330DE30	E10317AA	mov x1, x23	-
0x330DE34	F406EC97	bl #0x2e0fa04	-
0x330DE38	000340F9	ldr x0, [x24]	-
0x330DE3C	88008052	mov w8, #4	-
0x330DE40	E1430191	add x1, sp, #0x50	-
0x330DE44	E85300B9	str w8, [sp, #0x50]	-
0x330DE48	6307EC97	bl #0x2e0fbd4	-
0x330DE4C	F70300AA	mov x23, x0	-
0x330DE50	C00000B4	cbz x0, #0x330de68	-
0x330DE54	C80240F9	ldr x8, [x22]	-
0x330DE58	E00317AA	mov x0, x23	-
0x330DE5C	012140F9	ldr x1, [x8, #0x40]	-
0x330DE60	5C07EC97	bl #0x2e0fbd0	-
0x330DE64	003900B4	cbz x0, #0x330e584	-
0x330DE68	C81A40B9	ldr w8, [x22, #0x18]	-
0x330DE6C	1F110071	cmp w8, #4	-
0x330DE70	89380054	b.ls #0x330e580	-
0x330DE74	E00316AA	mov x0, x22	-
0x330DE78	170C04F8	str x23, [x0, #0x40]!	-
0x330DE7C	E10317AA	mov x1, x23	-
0x330DE80	E106EC97	bl #0x2e0fa04	-
0x330DE84	000340F9	ldr x0, [x24]	-
0x330DE88	A8008052	mov w8, #5	-
0x330DE8C	E1330191	add x1, sp, #0x4c	-
0x330DE90	E84F00B9	str w8, [sp, #0x4c]	-
0x330DE94	5007EC97	bl #0x2e0fbd4	-
0x330DE98	F70300AA	mov x23, x0	-
0x330DE9C	C00000B4	cbz x0, #0x330deb4	-
0x330DEA0	C80240F9	ldr x8, [x22]	-
0x330DEA4	E00317AA	mov x0, x23	-
0x330DEA8	012140F9	ldr x1, [x8, #0x40]	-
0x330DEAC	4907EC97	bl #0x2e0fbd0	-
0x330DEB0	A03600B4	cbz x0, #0x330e584	-
0x330DEB4	C81A40B9	ldr w8, [x22, #0x18]	-
0x330DEB8	1F150071	cmp w8, #5	-
0x330DEBC	29360054	b.ls #0x330e580	-
0x330DEC0	E00316AA	mov x0, x22	-
0x330DEC4	178C04F8	str x23, [x0, #0x48]!	-
0x330DEC8	E10317AA	mov x1, x23	-
0x330DECC	CE06EC97	bl #0x2e0fa04	-
0x330DED0	000340F9	ldr x0, [x24]	-
0x330DED4	C8008052	mov w8, #6	-
0x330DED8	E1230191	add x1, sp, #0x48	-
0x330DEDC	E84B00B9	str w8, [sp, #0x48]	-
0x330DEE0	3D07EC97	bl #0x2e0fbd4	-
0x330DEE4	F70300AA	mov x23, x0	-
0x330DEE8	C00000B4	cbz x0, #0x330df00	-
0x330DEEC	C80240F9	ldr x8, [x22]	-
0x330DEF0	E00317AA	mov x0, x23	-
0x330DEF4	012140F9	ldr x1, [x8, #0x40]	-
0x330DEF8	3607EC97	bl #0x2e0fbd0	-
0x330DEFC	403400B4	cbz x0, #0x330e584	-
0x330DF00	C81A40B9	ldr w8, [x22, #0x18]	-
0x330DF04	1F190071	cmp w8, #6	-
0x330DF08	C9330054	b.ls #0x330e580	-
0x330DF0C	E00316AA	mov x0, x22	-
0x330DF10	170C05F8	str x23, [x0, #0x50]!	-
0x330DF14	E10317AA	mov x1, x23	-
0x330DF18	BB06EC97	bl #0x2e0fa04	-
0x330DF1C	600340F9	ldr x0, [x27]	-
0x330DF20	E10316AA	mov x1, x22	-
0x330DF24	E2031FAA	mov x2, xzr	-
0x330DF28	E3E99794	bl #0x59086b4	-
0x330DF2C	230340F9	ldr x3, [x25]	-
0x330DF30	E20300AA	mov x2, x0	-
0x330DF34	E00313AA	mov x0, x19	-
0x330DF38	E10315AA	mov x1, x21	-
0x330DF3C	26987894	bl #0x5133fd4	System.Collections.Generic.Dictionary<object, object>$$Add
0x330DF40	400340F9	ldr x0, [x26]	-
0x330DF44	E1008052	mov w1, #7	-
0x330DF48	FD06EC97	bl #0x2e0fb3c	-
0x330DF4C	F50300AA	mov x21, x0	-
0x330DF50	000340F9	ldr x0, [x24]	-
0x330DF54	E1130191	add x1, sp, #0x44	-
0x330DF58	FF4700B9	str wzr, [sp, #0x44]	-
0x330DF5C	1E07EC97	bl #0x2e0fbd4	-
0x330DF60	953100B4	cbz x21, #0x330e590	-
0x330DF64	F60300AA	mov x22, x0	-
0x330DF68	C00000B4	cbz x0, #0x330df80	-
0x330DF6C	A80240F9	ldr x8, [x21]	-
0x330DF70	E00316AA	mov x0, x22	-
0x330DF74	012140F9	ldr x1, [x8, #0x40]	-
0x330DF78	1607EC97	bl #0x2e0fbd0	-
0x330DF7C	403000B4	cbz x0, #0x330e584	-
0x330DF80	A81A40B9	ldr w8, [x21, #0x18]	-
0x330DF84	E82F0034	cbz w8, #0x330e580	-
0x330DF88	E00315AA	mov x0, x21	-
0x330DF8C	160C02F8	str x22, [x0, #0x20]!	-
0x330DF90	E10316AA	mov x1, x22	-
0x330DF94	9C06EC97	bl #0x2e0fa04	-
0x330DF98	000340F9	ldr x0, [x24]	-
0x330DF9C	28008052	mov w8, #1	-
0x330DFA0	E1030191	add x1, sp, #0x40	-
0x330DFA4	E84300B9	str w8, [sp, #0x40]	-
0x330DFA8	0B07EC97	bl #0x2e0fbd4	-
0x330DFAC	F60300AA	mov x22, x0	-
0x330DFB0	C00000B4	cbz x0, #0x330dfc8	-
0x330DFB4	A80240F9	ldr x8, [x21]	-
0x330DFB8	E00316AA	mov x0, x22	-
0x330DFBC	012140F9	ldr x1, [x8, #0x40]	-
0x330DFC0	0407EC97	bl #0x2e0fbd0	-
0x330DFC4	002E00B4	cbz x0, #0x330e584	-
0x330DFC8	A81A40B9	ldr w8, [x21, #0x18]	-
0x330DFCC	1F050071	cmp w8, #1	-
0x330DFD0	892D0054	b.ls #0x330e580	-
0x330DFD4	E00315AA	mov x0, x21	-
0x330DFD8	168C02F8	str x22, [x0, #0x28]!	-
0x330DFDC	E10316AA	mov x1, x22	-
0x330DFE0	8906EC97	bl #0x2e0fa04	-
0x330DFE4	000340F9	ldr x0, [x24]	-
0x330DFE8	48008052	mov w8, #2	-
0x330DFEC	E1F30091	add x1, sp, #0x3c	-
0x330DFF0	E83F00B9	str w8, [sp, #0x3c]	-
0x330DFF4	F806EC97	bl #0x2e0fbd4	-
0x330DFF8	F60300AA	mov x22, x0	-
0x330DFFC	C00000B4	cbz x0, #0x330e014	-
0x330E000	A80240F9	ldr x8, [x21]	-
0x330E004	E00316AA	mov x0, x22	-
0x330E008	012140F9	ldr x1, [x8, #0x40]	-
0x330E00C	F106EC97	bl #0x2e0fbd0	-
0x330E010	A02B00B4	cbz x0, #0x330e584	-
0x330E014	A81A40B9	ldr w8, [x21, #0x18]	-
0x330E018	1F090071	cmp w8, #2	-
0x330E01C	292B0054	b.ls #0x330e580	-
0x330E020	E00315AA	mov x0, x21	-
0x330E024	160C03F8	str x22, [x0, #0x30]!	-
0x330E028	E10316AA	mov x1, x22	-
0x330E02C	7606EC97	bl #0x2e0fa04	-
0x330E030	000340F9	ldr x0, [x24]	-
0x330E034	68008052	mov w8, #3	-
0x330E038	E1E30091	add x1, sp, #0x38	-
0x330E03C	E83B00B9	str w8, [sp, #0x38]	-
0x330E040	E506EC97	bl #0x2e0fbd4	-
0x330E044	F60300AA	mov x22, x0	-
0x330E048	C00000B4	cbz x0, #0x330e060	-
0x330E04C	A80240F9	ldr x8, [x21]	-
0x330E050	E00316AA	mov x0, x22	-
0x330E054	012140F9	ldr x1, [x8, #0x40]	-
0x330E058	DE06EC97	bl #0x2e0fbd0	-
0x330E05C	402900B4	cbz x0, #0x330e584	-
0x330E060	A81A40B9	ldr w8, [x21, #0x18]	-
0x330E064	1F0D0071	cmp w8, #3	-
0x330E068	C9280054	b.ls #0x330e580	-
0x330E06C	E00315AA	mov x0, x21	-
0x330E070	168C03F8	str x22, [x0, #0x38]!	-
0x330E074	E10316AA	mov x1, x22	-
0x330E078	6306EC97	bl #0x2e0fa04	-
0x330E07C	000340F9	ldr x0, [x24]	-
0x330E080	88008052	mov w8, #4	-
0x330E084	E1D30091	add x1, sp, #0x34	-
0x330E088	E83700B9	str w8, [sp, #0x34]	-
0x330E08C	D206EC97	bl #0x2e0fbd4	-
0x330E090	F60300AA	mov x22, x0	-
0x330E094	C00000B4	cbz x0, #0x330e0ac	-
0x330E098	A80240F9	ldr x8, [x21]	-
0x330E09C	E00316AA	mov x0, x22	-
0x330E0A0	012140F9	ldr x1, [x8, #0x40]	-
0x330E0A4	CB06EC97	bl #0x2e0fbd0	-
0x330E0A8	E02600B4	cbz x0, #0x330e584	-
0x330E0AC	A81A40B9	ldr w8, [x21, #0x18]	-
0x330E0B0	1F110071	cmp w8, #4	-
0x330E0B4	69260054	b.ls #0x330e580	-
0x330E0B8	E00315AA	mov x0, x21	-
0x330E0BC	160C04F8	str x22, [x0, #0x40]!	-
0x330E0C0	E10316AA	mov x1, x22	-
0x330E0C4	5006EC97	bl #0x2e0fa04	-
0x330E0C8	000340F9	ldr x0, [x24]	-
0x330E0CC	A8008052	mov w8, #5	-
0x330E0D0	E1C30091	add x1, sp, #0x30	-
0x330E0D4	E83300B9	str w8, [sp, #0x30]	-
0x330E0D8	BF06EC97	bl #0x2e0fbd4	-
0x330E0DC	F60300AA	mov x22, x0	-
0x330E0E0	C00000B4	cbz x0, #0x330e0f8	-
0x330E0E4	A80240F9	ldr x8, [x21]	-
0x330E0E8	E00316AA	mov x0, x22	-
0x330E0EC	012140F9	ldr x1, [x8, #0x40]	-
0x330E0F0	B806EC97	bl #0x2e0fbd0	-
0x330E0F4	802400B4	cbz x0, #0x330e584	-
0x330E0F8	A81A40B9	ldr w8, [x21, #0x18]	-
0x330E0FC	1F150071	cmp w8, #5	-
0x330E100	09240054	b.ls #0x330e580	-
0x330E104	E00315AA	mov x0, x21	-
0x330E108	168C04F8	str x22, [x0, #0x48]!	-
0x330E10C	E10316AA	mov x1, x22	-
0x330E110	3D06EC97	bl #0x2e0fa04	-
0x330E114	000340F9	ldr x0, [x24]	-
0x330E118	C8008052	mov w8, #6	-
0x330E11C	E1B30091	add x1, sp, #0x2c	-
0x330E120	E82F00B9	str w8, [sp, #0x2c]	-
0x330E124	AC06EC97	bl #0x2e0fbd4	-
0x330E128	F60300AA	mov x22, x0	-
0x330E12C	C00000B4	cbz x0, #0x330e144	-
0x330E130	A80240F9	ldr x8, [x21]	-
0x330E134	E00316AA	mov x0, x22	-
0x330E138	012140F9	ldr x1, [x8, #0x40]	-
0x330E13C	A506EC97	bl #0x2e0fbd0	-
0x330E140	202200B4	cbz x0, #0x330e584	-
0x330E144	A81A40B9	ldr w8, [x21, #0x18]	-
0x330E148	1F190071	cmp w8, #6	-
0x330E14C	A9210054	b.ls #0x330e580	-
0x330E150	E00315AA	mov x0, x21	-
0x330E154	160C05F8	str x22, [x0, #0x50]!	-
0x330E158	E10316AA	mov x1, x22	-
0x330E15C	2A06EC97	bl #0x2e0fa04	-
0x330E160	600340F9	ldr x0, [x27]	-
0x330E164	E10315AA	mov x1, x21	-
0x330E168	E2031FAA	mov x2, xzr	-
0x330E16C	52E99794	bl #0x59086b4	-
0x330E170	480340F9	ldr x8, [x26]	-
0x330E174	F50300AA	mov x21, x0	-
0x330E178	01018052	mov w1, #8	-
0x330E17C	E00308AA	mov x0, x8	-
0x330E180	6F06EC97	bl #0x2e0fb3c	-
0x330E184	602000B4	cbz x0, #0x330e590	-
0x330E188	F60300AA	mov x22, x0	-
0x330E18C	D40000B4	cbz x20, #0x330e1a4	-
0x330E190	C80240F9	ldr x8, [x22]	-
0x330E194	E00314AA	mov x0, x20	-
0x330E198	012140F9	ldr x1, [x8, #0x40]	-
0x330E19C	8D06EC97	bl #0x2e0fbd0	-
0x330E1A0	201F00B4	cbz x0, #0x330e584	-
0x330E1A4	C81A40B9	ldr w8, [x22, #0x18]	-
0x330E1A8	C81E0034	cbz w8, #0x330e580	-
0x330E1AC	E00316AA	mov x0, x22	-
0x330E1B0	140C02F8	str x20, [x0, #0x20]!	-
0x330E1B4	E10314AA	mov x1, x20	-
0x330E1B8	1306EC97	bl #0x2e0fa04	-
0x330E1BC	000340F9	ldr x0, [x24]	-
0x330E1C0	E1A30091	add x1, sp, #0x28	-
0x330E1C4	FF2B00B9	str wzr, [sp, #0x28]	-
0x330E1C8	8306EC97	bl #0x2e0fbd4	-
0x330E1CC	F40300AA	mov x20, x0	-
0x330E1D0	C00000B4	cbz x0, #0x330e1e8	-
0x330E1D4	C80240F9	ldr x8, [x22]	-
0x330E1D8	E00314AA	mov x0, x20	-
0x330E1DC	012140F9	ldr x1, [x8, #0x40]	-
0x330E1E0	7C06EC97	bl #0x2e0fbd0	-
0x330E1E4	001D00B4	cbz x0, #0x330e584	-
0x330E1E8	C81A40B9	ldr w8, [x22, #0x18]	-
0x330E1EC	1F050071	cmp w8, #1	-
0x330E1F0	891C0054	b.ls #0x330e580	-
0x330E1F4	E00316AA	mov x0, x22	-
0x330E1F8	148C02F8	str x20, [x0, #0x28]!	-
0x330E1FC	E10314AA	mov x1, x20	-
0x330E200	0106EC97	bl #0x2e0fa04	-
0x330E204	000340F9	ldr x0, [x24]	-
0x330E208	28008052	mov w8, #1	-
0x330E20C	E1930091	add x1, sp, #0x24	-
0x330E210	E82700B9	str w8, [sp, #0x24]	-
0x330E214	7006EC97	bl #0x2e0fbd4	-
0x330E218	F40300AA	mov x20, x0	-
0x330E21C	C00000B4	cbz x0, #0x330e234	-
0x330E220	C80240F9	ldr x8, [x22]	-
0x330E224	E00314AA	mov x0, x20	-
0x330E228	012140F9	ldr x1, [x8, #0x40]	-
0x330E22C	6906EC97	bl #0x2e0fbd0	-
0x330E230	A01A00B4	cbz x0, #0x330e584	-
0x330E234	C81A40B9	ldr w8, [x22, #0x18]	-
0x330E238	1F090071	cmp w8, #2	-
0x330E23C	291A0054	b.ls #0x330e580	-
0x330E240	E00316AA	mov x0, x22	-
0x330E244	140C03F8	str x20, [x0, #0x30]!	-
0x330E248	E10314AA	mov x1, x20	-
0x330E24C	EE05EC97	bl #0x2e0fa04	-
0x330E250	000340F9	ldr x0, [x24]	-
0x330E254	48008052	mov w8, #2	-
0x330E258	E1830091	add x1, sp, #0x20	-
0x330E25C	E82300B9	str w8, [sp, #0x20]	-
0x330E260	5D06EC97	bl #0x2e0fbd4	-
0x330E264	F40300AA	mov x20, x0	-
0x330E268	C00000B4	cbz x0, #0x330e280	-
0x330E26C	C80240F9	ldr x8, [x22]	-
0x330E270	E00314AA	mov x0, x20	-
0x330E274	012140F9	ldr x1, [x8, #0x40]	-
0x330E278	5606EC97	bl #0x2e0fbd0	-
0x330E27C	401800B4	cbz x0, #0x330e584	-
0x330E280	C81A40B9	ldr w8, [x22, #0x18]	-
0x330E284	1F0D0071	cmp w8, #3	-
0x330E288	C9170054	b.ls #0x330e580	-
0x330E28C	E00316AA	mov x0, x22	-
0x330E290	148C03F8	str x20, [x0, #0x38]!	-
0x330E294	E10314AA	mov x1, x20	-
0x330E298	DB05EC97	bl #0x2e0fa04	-
0x330E29C	000340F9	ldr x0, [x24]	-
0x330E2A0	68008052	mov w8, #3	-
0x330E2A4	E1730091	add x1, sp, #0x1c	-
0x330E2A8	E81F00B9	str w8, [sp, #0x1c]	-
0x330E2AC	4A06EC97	bl #0x2e0fbd4	-
0x330E2B0	F40300AA	mov x20, x0	-
0x330E2B4	C00000B4	cbz x0, #0x330e2cc	-
0x330E2B8	C80240F9	ldr x8, [x22]	-
0x330E2BC	E00314AA	mov x0, x20	-
0x330E2C0	012140F9	ldr x1, [x8, #0x40]	-
0x330E2C4	4306EC97	bl #0x2e0fbd0	-
0x330E2C8	E01500B4	cbz x0, #0x330e584	-
0x330E2CC	C81A40B9	ldr w8, [x22, #0x18]	-
0x330E2D0	1F110071	cmp w8, #4	-
0x330E2D4	69150054	b.ls #0x330e580	-
0x330E2D8	E00316AA	mov x0, x22	-
0x330E2DC	140C04F8	str x20, [x0, #0x40]!	-
0x330E2E0	E10314AA	mov x1, x20	-
0x330E2E4	C805EC97	bl #0x2e0fa04	-
0x330E2E8	000340F9	ldr x0, [x24]	-
0x330E2EC	88008052	mov w8, #4	-
0x330E2F0	E1630091	add x1, sp, #0x18	-
0x330E2F4	E81B00B9	str w8, [sp, #0x18]	-
0x330E2F8	3706EC97	bl #0x2e0fbd4	-
0x330E2FC	F40300AA	mov x20, x0	-
0x330E300	C00000B4	cbz x0, #0x330e318	-
0x330E304	C80240F9	ldr x8, [x22]	-
0x330E308	E00314AA	mov x0, x20	-
0x330E30C	012140F9	ldr x1, [x8, #0x40]	-
0x330E310	3006EC97	bl #0x2e0fbd0	-
0x330E314	801300B4	cbz x0, #0x330e584	-
0x330E318	C81A40B9	ldr w8, [x22, #0x18]	-
0x330E31C	1F150071	cmp w8, #5	-
0x330E320	09130054	b.ls #0x330e580	-
0x330E324	E00316AA	mov x0, x22	-
0x330E328	148C04F8	str x20, [x0, #0x48]!	-
0x330E32C	E10314AA	mov x1, x20	-
0x330E330	B505EC97	bl #0x2e0fa04	-
0x330E334	000340F9	ldr x0, [x24]	-
0x330E338	A8008052	mov w8, #5	-
0x330E33C	E1530091	add x1, sp, #0x14	-
0x330E340	E81700B9	str w8, [sp, #0x14]	-
0x330E344	2406EC97	bl #0x2e0fbd4	-
0x330E348	F40300AA	mov x20, x0	-
0x330E34C	C00000B4	cbz x0, #0x330e364	-
0x330E350	C80240F9	ldr x8, [x22]	-
0x330E354	E00314AA	mov x0, x20	-
0x330E358	012140F9	ldr x1, [x8, #0x40]	-
0x330E35C	1D06EC97	bl #0x2e0fbd0	-
0x330E360	201100B4	cbz x0, #0x330e584	-
0x330E364	C81A40B9	ldr w8, [x22, #0x18]	-
0x330E368	1F190071	cmp w8, #6	-
0x330E36C	A9100054	b.ls #0x330e580	-
0x330E370	E00316AA	mov x0, x22	-
0x330E374	140C05F8	str x20, [x0, #0x50]!	-
0x330E378	E10314AA	mov x1, x20	-
0x330E37C	A205EC97	bl #0x2e0fa04	-
0x330E380	000340F9	ldr x0, [x24]	-
0x330E384	C8008052	mov w8, #6	-
0x330E388	E1430091	add x1, sp, #0x10	-
0x330E38C	E81300B9	str w8, [sp, #0x10]	-
0x330E390	1106EC97	bl #0x2e0fbd4	-
0x330E394	F40300AA	mov x20, x0	-
0x330E398	C00000B4	cbz x0, #0x330e3b0	-
0x330E39C	C80240F9	ldr x8, [x22]	-
0x330E3A0	E00314AA	mov x0, x20	-
0x330E3A4	012140F9	ldr x1, [x8, #0x40]	-
0x330E3A8	0A06EC97	bl #0x2e0fbd0	-
0x330E3AC	C00E00B4	cbz x0, #0x330e584	-
0x330E3B0	C81A40B9	ldr w8, [x22, #0x18]	-
0x330E3B4	1F1D0071	cmp w8, #7	-
0x330E3B8	490E0054	b.ls #0x330e580	-
0x330E3BC	E00316AA	mov x0, x22	-
0x330E3C0	148C05F8	str x20, [x0, #0x58]!	-
0x330E3C4	E10314AA	mov x1, x20	-
0x330E3C8	8F05EC97	bl #0x2e0fa04	-
0x330E3CC	88CC0190	adrp x8, #0x6c9e000	-
0x330E3D0	08F545F9	ldr x8, [x8, #0xbe8]	-
0x330E3D4	E10316AA	mov x1, x22	-
0x330E3D8	E2031FAA	mov x2, xzr	-
0x330E3DC	000140F9	ldr x0, [x8]	-
0x330E3E0	B5E89794	bl #0x59086b4	-
0x330E3E4	230340F9	ldr x3, [x25]	-
0x330E3E8	E20300AA	mov x2, x0	-
0x330E3EC	E00313AA	mov x0, x19	-
0x330E3F0	E10315AA	mov x1, x21	-
0x330E3F4	59000014	b #0x330e558	-
0x330E3F8	F5080034	cbz w21, #0x330e514	-
0x330E3FC	BACB0190	adrp x26, #0x6c82000	-
0x330E400	BCCB0190	adrp x28, #0x6c82000	-
0x330E404	5AB745F9	ldr x26, [x26, #0xb68]	-
0x330E408	9C3B46F9	ldr x28, [x28, #0xc70]	-
0x330E40C	39008052	mov w25, #1	-
0x330E410	3D008052	mov w29, #1	-
0x330E414	BF070071	cmp w29, #1	-
0x330E418	41020054	b.ne #0x330e460	-
0x330E41C	000340F9	ldr x0, [x24]	-
0x330E420	E1B30A91	add x1, sp, #0x2ac	-
0x330E424	F9AF02B9	str w25, [sp, #0x2ac]	-
0x330E428	EB05EC97	bl #0x2e0fbd4	-
0x330E42C	680340F9	ldr x8, [x27]	-
0x330E430	E10300AA	mov x1, x0	-
0x330E434	E2031FAA	mov x2, xzr	-
0x330E438	E00308AA	mov x0, x8	-
0x330E43C	DCC29794	bl #0x58fefac	-
0x330E440	930A00B4	cbz x19, #0x330e590	-
0x330E444	480340F9	ldr x8, [x26]	-
0x330E448	830340F9	ldr x3, [x28]	-
0x330E44C	9F0200F1	cmp x20, #0	-
0x330E450	E10300AA	mov x1, x0	-
0x330E454	0201949A	csel x2, x8, x20, eq	-
0x330E458	E00313AA	mov x0, x19	-
0x330E45C	29000014	b #0x330e500	-
0x330E460	BF03156B	cmp w29, w21	-
0x330E464	CD010054	b.le #0x330e49c	-
0x330E468	000340F9	ldr x0, [x24]	-
0x330E46C	E1B30A91	add x1, sp, #0x2ac	-
0x330E470	FDAF02B9	str w29, [sp, #0x2ac]	-
0x330E474	D805EC97	bl #0x2e0fbd4	-
0x330E478	680340F9	ldr x8, [x27]	-
0x330E47C	E10300AA	mov x1, x0	-
0x330E480	E2031FAA	mov x2, xzr	-
0x330E484	E00308AA	mov x0, x8	-
0x330E488	C9C29794	bl #0x58fefac	-
0x330E48C	F60300AA	mov x22, x0	-
0x330E490	000340F9	ldr x0, [x24]	-
0x330E494	F5AB02B9	str w21, [sp, #0x2a8]	-
0x330E498	0D000014	b #0x330e4cc	-
0x330E49C	000340F9	ldr x0, [x24]	-
0x330E4A0	E1B30A91	add x1, sp, #0x2ac	-
0x330E4A4	FDAF02B9	str w29, [sp, #0x2ac]	-
0x330E4A8	CB05EC97	bl #0x2e0fbd4	-
0x330E4AC	680340F9	ldr x8, [x27]	-
0x330E4B0	E10300AA	mov x1, x0	-
0x330E4B4	E2031FAA	mov x2, xzr	-
0x330E4B8	E00308AA	mov x0, x8	-
0x330E4BC	BCC29794	bl #0x58fefac	-
0x330E4C0	F60300AA	mov x22, x0	-
0x330E4C4	000340F9	ldr x0, [x24]	-
0x330E4C8	FDAB02B9	str w29, [sp, #0x2a8]	-
0x330E4CC	E1A30A91	add x1, sp, #0x2a8	-
0x330E4D0	C105EC97	bl #0x2e0fbd4	-
0x330E4D4	E80240F9	ldr x8, [x23]	-
0x330E4D8	E20300AA	mov x2, x0	-
0x330E4DC	E10314AA	mov x1, x20	-
0x330E4E0	E3031FAA	mov x3, xzr	-
0x330E4E4	E00308AA	mov x0, x8	-
0x330E4E8	51E89794	bl #0x590862c	-
0x330E4EC	330500B4	cbz x19, #0x330e590	-
0x330E4F0	830340F9	ldr x3, [x28]	-
0x330E4F4	E20300AA	mov x2, x0	-
0x330E4F8	E00313AA	mov x0, x19	-
0x330E4FC	E10316AA	mov x1, x22	-
0x330E500	B5967894	bl #0x5133fd4	System.Collections.Generic.Dictionary<object, object>$$Add
0x330E504	BD070011	add w29, w29, #1	-
0x330E508	BF230071	cmp w29, #8	-
0x330E50C	41F8FF54	b.ne #0x330e414	-
0x330E510	13000014	b #0x330e55c	-
0x330E514	000340F9	ldr x0, [x24]	-
0x330E518	08008012	mov w8, #-1	-
0x330E51C	E1B30A91	add x1, sp, #0x2ac	-
0x330E520	E8AF02B9	str w8, [sp, #0x2ac]	-
0x330E524	AC05EC97	bl #0x2e0fbd4	-
0x330E528	680340F9	ldr x8, [x27]	-
0x330E52C	E10300AA	mov x1, x0	-
0x330E530	E2031FAA	mov x2, xzr	-
0x330E534	E00308AA	mov x0, x8	-
0x330E538	9DC29794	bl #0x58fefac	-
0x330E53C	B30200B4	cbz x19, #0x330e590	-
0x330E540	A8CB0190	adrp x8, #0x6c82000	-
0x330E544	083946F9	ldr x8, [x8, #0xc70]	-
0x330E548	E10300AA	mov x1, x0	-
0x330E54C	E00313AA	mov x0, x19	-
0x330E550	E20314AA	mov x2, x20	-
0x330E554	030140F9	ldr x3, [x8]	-
0x330E558	9F967894	bl #0x5133fd4	System.Collections.Generic.Dictionary<object, object>$$Add
0x330E55C	E00313AA	mov x0, x19	-
0x330E560	FFC30A91	add sp, sp, #0x2b0	-
0x330E564	F44F45A9	ldp x20, x19, [sp, #0x50]	-
0x330E568	F65744A9	ldp x22, x21, [sp, #0x40]	-
0x330E56C	F85F43A9	ldp x24, x23, [sp, #0x30]	-
0x330E570	FA6742A9	ldp x26, x25, [sp, #0x20]	-
0x330E574	FC6F41A9	ldp x28, x27, [sp, #0x10]	-
0x330E578	FD7BC6A8	ldp x29, x30, [sp], #0x60	-
0x330E57C	C0035FD6	ret	-
0x330E580	DB05EC97	bl #0x2e0fcec	-
0x330E584	E105EC97	bl #0x2e0fd08	-
0x330E588	E1031FAA	mov x1, xzr	-
0x330E58C	8C05EC97	bl #0x2e0fbbc	-
0x330E590	D505EC97	bl #0x2e0fce4	-
